Event Index,UTC Timestamp,UTC Date and Time,Local Timestamp,Local Timezone,Local Date and Time,Experiment ID,Experiment Version,Tree Node Key,Repeat Key,Schedule ID,Participant Public ID,Participant Private ID,Participant Starting Group,Participant Status,Participant Completion Code,Participant External Session ID,Participant Device Type,Participant Device,Participant OS,Participant Browser,Participant Monitor Size,Participant Viewport Size,Checkpoint,Room ID,Room Order,Task Name,Task Version,randomiser-jxg3,randomiser-4pcx,randomiser-rj4a,randomiser-lhwo,randomiser-2rg1,randomiser-x87o,Randomise questionnaire elements?,Question Key,Response
1,1722253139577,29/07/2024 11:38:59,1722253139343,1,29/07/2024 12:38:59,161157,10,questionnaire-i1ko,,39253203,BLIND,11512484,,complete,,66a77f4152c5f4a43425a5e6,computer,Desktop or Laptop,Windows 10,Chrome 127.0.0.0,1280x720,1600x742,,,,Consent from the previous project,2,438ms,,audio,,,,No,BEGIN QUESTIONNAIRE,
2,1722253180974,29/07/2024 11:39:40,1722253180853,1,29/07/2024 12:39:40,161157,10,questionnaire-i1ko,,39253203,BLIND,11512484,,complete,,66a77f4152c5f4a43425a5e6,computer,Desktop or Laptop,Windows 10,Chrome 127.0.0.0,1280x720,1579x742,,,,Consent from the previous project,2,438ms,,audio,,,,No,birth.date-day,14
3,1722253181133,29/07/2024 11:39:41,1722253180853,1,29/07/2024 12:39:40,161157,10,questionnaire-i1ko,,39253203,BLIND,11512484,,complete,,66a77f4152c5f4a43425a5e6,computer,Desktop or Laptop,Windows 10,Chrome 127.0.0.0,1280x720,1579x742,,,,Consent from the previous project,2,438ms,,audio,,,,No,birth.date-month,9
4,1722253181133,29/07/2024 11:39:41,1722253180854,1,29/07/2024 12:39:40,161157,10,questionnaire-i1ko,,39253203,BLIND,11512484,,complete,,66a77f4152c5f4a43425a5e6,computer,Desktop or Laptop,Windows 10,Chrome 127.0.0.0,1280x720,1579x742,,,,Consent from the previous project,2,438ms,,audio,,,,No,birth.date-year,36
5,1722253181133,29/07/2024 11:39:41,1722253180854,1,29/07/2024 12:39:40,161157,10,questionnaire-i1ko,,39253203,BLIND,11512484,,complete,,66a77f4152c5f4a43425a5e6,computer,Desktop or Laptop,Windows 10,Chrome 127.0.0.0,1280x720,1579x742,,,,Consent from the previous project,2,438ms,,audio,,,,No,sex,Male
6,1722253181133,29/07/2024 11:39:41,1722253180854,1,29/07/2024 12:39:40,161157,10,questionnaire-i1ko,,39253203,BLIND,11512484,,complete,,66a77f4152c5f4a43425a5e6,computer,Desktop or Laptop,Windows 10,Chrome 127.0.0.0,1280x720,1579x742,,,,Consent from the previous project,2,438ms,,audio,,,,No,sex-quantised,1
7,1722253181133,29/07/2024 11:39:41,1722253180854,1,29/07/2024 12:39:40,161157,10,questionnaire-i1ko,,39253203,BLIND,11512484,,complete,,66a77f4152c5f4a43425a5e6,computer,Desktop or Laptop,Windows 10,Chrome 127.0.0.0,1280x720,1579x742,,,,Consent from the previous project,2,438ms,,audio,,,,No,sex-text,
8,1722253181133,29/07/2024 11:39:41,1722253180854,1,29/07/2024 12:39:40,161157,10,questionnaire-i1ko,,39253203,BLIND,11512484,,complete,,66a77f4152c5f4a43425a5e6,computer,Desktop or Laptop,Windows 10,Chrome 127.0.0.0,1280x720,1579x742,,,,Consent from the previous project,2,438ms,,audio,,,,No,Consent1,1
9,1722253181133,29/07/2024 11:39:41,1722253180854,1,29/07/2024 12:39:40,161157,10,questionnaire-i1ko,,39253203,BLIND,11512484,,complete,,66a77f4152c5f4a43425a5e6,computer,Desktop or Laptop,Windows 10,Chrome 127.0.0.0,1280x720,1579x742,,,,Consent from the previous project,2,438ms,,audio,,,,No,Consent2,1
10,1722253181133,29/07/2024 11:39:41,1722253180854,1,29/07/2024 12:39:40,161157,10,questionnaire-i1ko,,39253203,BLIND,11512484,,complete,,66a77f4152c5f4a43425a5e6,computer,Desktop or Laptop,Windows 10,Chrome 127.0.0.0,1280x720,1579x742,,,,Consent from the previous project,2,438ms,,audio,,,,No,Consent3,1
11,1722253181133,29/07/2024 11:39:41,1722253180854,1,29/07/2024 12:39:40,161157,10,questionnaire-i1ko,,39253203,BLIND,11512484,,complete,,66a77f4152c5f4a43425a5e6,computer,Desktop or Laptop,Windows 10,Chrome 127.0.0.0,1280x720,1579x742,,,,Consent from the previous project,2,438ms,,audio,,,,No,Consent4,1
12,1722253181133,29/07/2024 11:39:41,1722253180854,1,29/07/2024 12:39:40,161157,10,questionnaire-i1ko,,39253203,BLIND,11512484,,complete,,66a77f4152c5f4a43425a5e6,computer,Desktop or Laptop,Windows 10,Chrome 127.0.0.0,1280x720,1579x742,,,,Consent from the previous project,2,438ms,,audio,,,,No,Consent5,1
13,1722253181133,29/07/2024 11:39:41,1722253180854,1,29/07/2024 12:39:40,161157,10,questionnaire-i1ko,,39253203,BLIND,11512484,,complete,,66a77f4152c5f4a43425a5e6,computer,Desktop or Laptop,Windows 10,Chrome 127.0.0.0,1280x720,1579x742,,,,Consent from the previous project,2,438ms,,audio,,,,No,Consent6,1
14,1722253181133,29/07/2024 11:39:41,1722253180854,1,29/07/2024 12:39:40,161157,10,questionnaire-i1ko,,39253203,BLIND,11512484,,complete,,66a77f4152c5f4a43425a5e6,computer,Desktop or Laptop,Windows 10,Chrome 127.0.0.0,1280x720,1579x742,,,,Consent from the previous project,2,438ms,,audio,,,,No,Consent7,1
15,1722253181133,29/07/2024 11:39:41,1722253180854,1,29/07/2024 12:39:40,161157,10,questionnaire-i1ko,,39253203,BLIND,11512484,,complete,,66a77f4152c5f4a43425a5e6,computer,Desktop or Laptop,Windows 10,Chrome 127.0.0.0,1280x720,1579x742,,,,Consent from the previous project,2,438ms,,audio,,,,No,END QUESTIONNAIRE,41511
1,1722253142079,29/07/2024 11:39:02,1722253141649,1,29/07/2024 12:39:01,161157,10,questionnaire-i1ko,,39253204,BLIND,11512485,,complete,,66a77f423e3487f2b2cf3336,computer,Desktop or Laptop,Windows 10,Firefox 128.0,2432x1368,1265x1251,,,,Consent from the previous project,2,438ms,,audio,,,,No,BEGIN QUESTIONNAIRE,
2,1722253162204,29/07/2024 11:39:22,1722253161842,1,29/07/2024 12:39:21,161157,10,questionnaire-i1ko,,39253204,BLIND,11512485,,complete,,66a77f423e3487f2b2cf3336,computer,Desktop or Laptop,Windows 10,Firefox 128.0,2432x1368,1252x1251,,,,Consent from the previous project,2,438ms,,audio,,,,No,birth.date-day,29
3,1722253162275,29/07/2024 11:39:22,1722253161843,1,29/07/2024 12:39:21,161157,10,questionnaire-i1ko,,39253204,BLIND,11512485,,complete,,66a77f423e3487f2b2cf3336,computer,Desktop or Laptop,Windows 10,Firefox 128.0,2432x1368,1252x1251,,,,Consent from the previous project,2,438ms,,audio,,,,No,birth.date-month,5
4,1722253162275,29/07/2024 11:39:22,1722253161843,1,29/07/2024 12:39:21,161157,10,questionnaire-i1ko,,39253204,BLIND,11512485,,complete,,66a77f423e3487f2b2cf3336,computer,Desktop or Laptop,Windows 10,Firefox 128.0,2432x1368,1252x1251,,,,Consent from the previous project,2,438ms,,audio,,,,No,birth.date-year,37
5,1722253162275,29/07/2024 11:39:22,1722253161843,1,29/07/2024 12:39:21,161157,10,questionnaire-i1ko,,39253204,BLIND,11512485,,complete,,66a77f423e3487f2b2cf3336,computer,Desktop or Laptop,Windows 10,Firefox 128.0,2432x1368,1252x1251,,,,Consent from the previous project,2,438ms,,audio,,,,No,sex,Male
6,1722253162275,29/07/2024 11:39:22,1722253161843,1,29/07/2024 12:39:21,161157,10,questionnaire-i1ko,,39253204,BLIND,11512485,,complete,,66a77f423e3487f2b2cf3336,computer,Desktop or Laptop,Windows 10,Firefox 128.0,2432x1368,1252x1251,,,,Consent from the previous project,2,438ms,,audio,,,,No,sex-quantised,1
7,1722253162275,29/07/2024 11:39:22,1722253161843,1,29/07/2024 12:39:21,161157,10,questionnaire-i1ko,,39253204,BLIND,11512485,,complete,,66a77f423e3487f2b2cf3336,computer,Desktop or Laptop,Windows 10,Firefox 128.0,2432x1368,1252x1251,,,,Consent from the previous project,2,438ms,,audio,,,,No,sex-text,
8,1722253162275,29/07/2024 11:39:22,1722253161843,1,29/07/2024 12:39:21,161157,10,questionnaire-i1ko,,39253204,BLIND,11512485,,complete,,66a77f423e3487f2b2cf3336,computer,Desktop or Laptop,Windows 10,Firefox 128.0,2432x1368,1252x1251,,,,Consent from the previous project,2,438ms,,audio,,,,No,Consent1,1
9,1722253162275,29/07/2024 11:39:22,1722253161843,1,29/07/2024 12:39:21,161157,10,questionnaire-i1ko,,39253204,BLIND,11512485,,complete,,66a77f423e3487f2b2cf3336,computer,Desktop or Laptop,Windows 10,Firefox 128.0,2432x1368,1252x1251,,,,Consent from the previous project,2,438ms,,audio,,,,No,Consent2,1
10,1722253162275,29/07/2024 11:39:22,1722253161843,1,29/07/2024 12:39:21,161157,10,questionnaire-i1ko,,39253204,BLIND,11512485,,complete,,66a77f423e3487f2b2cf3336,computer,Desktop or Laptop,Windows 10,Firefox 128.0,2432x1368,1252x1251,,,,Consent from the previous project,2,438ms,,audio,,,,No,Consent3,1
11,1722253162275,29/07/2024 11:39:22,1722253161843,1,29/07/2024 12:39:21,161157,10,questionnaire-i1ko,,39253204,BLIND,11512485,,complete,,66a77f423e3487f2b2cf3336,computer,Desktop or Laptop,Windows 10,Firefox 128.0,2432x1368,1252x1251,,,,Consent from the previous project,2,438ms,,audio,,,,No,Consent4,1
12,1722253162275,29/07/2024 11:39:22,1722253161843,1,29/07/2024 12:39:21,161157,10,questionnaire-i1ko,,39253204,BLIND,11512485,,complete,,66a77f423e3487f2b2cf3336,computer,Desktop or Laptop,Windows 10,Firefox 128.0,2432x1368,1252x1251,,,,Consent from the previous project,2,438ms,,audio,,,,No,Consent5,1
13,1722253162275,29/07/2024 11:39:22,1722253161843,1,29/07/2024 12:39:21,161157,10,questionnaire-i1ko,,39253204,BLIND,11512485,,complete,,66a77f423e3487f2b2cf3336,computer,Desktop or Laptop,Windows 10,Firefox 128.0,2432x1368,1252x1251,,,,Consent from the previous project,2,438ms,,audio,,,,No,Consent6,1
14,1722253162275,29/07/2024 11:39:22,1722253161843,1,29/07/2024 12:39:21,161157,10,questionnaire-i1ko,,39253204,BLIND,11512485,,complete,,66a77f423e3487f2b2cf3336,computer,Desktop or Laptop,Windows 10,Firefox 128.0,2432x1368,1252x1251,,,,Consent from the previous project,2,438ms,,audio,,,,No,Consent7,1
15,1722253162275,29/07/2024 11:39:22,1722253161844,1,29/07/2024 12:39:21,161157,10,questionnaire-i1ko,,39253204,BLIND,11512485,,complete,,66a77f423e3487f2b2cf3336,computer,Desktop or Laptop,Windows 10,Firefox 128.0,2432x1368,1252x1251,,,,Consent from the previous project,2,438ms,,audio,,,,No,END QUESTIONNAIRE,20195
1,1722253144449,29/07/2024 11:39:04,1722253144327,1,29/07/2024 12:39:04,161157,10,questionnaire-i1ko,,39253206,BLIND,11512487,,complete,,66a77f4a4c7db227b08a255b,computer,Desktop or Laptop,Windows 10,Chrome 122.0.0.0,1920x1080,1920x953,,,,Consent from the previous project,2,752ms,,,,audio,,No,BEGIN QUESTIONNAIRE,
2,1722253171674,29/07/2024 11:39:31,1722253171526,1,29/07/2024 12:39:31,161157,10,questionnaire-i1ko,,39253206,BLIND,11512487,,complete,,66a77f4a4c7db227b08a255b,computer,Desktop or Laptop,Windows 10,Chrome 122.0.0.0,1920x1080,1903x953,,,,Consent from the previous project,2,752ms,,,,audio,,No,birth.date-day,28
3,1722253171759,29/07/2024 11:39:31,1722253171527,1,29/07/2024 12:39:31,161157,10,questionnaire-i1ko,,39253206,BLIND,11512487,,complete,,66a77f4a4c7db227b08a255b,computer,Desktop or Laptop,Windows 10,Chrome 122.0.0.0,1920x1080,1903x953,,,,Consent from the previous project,2,752ms,,,,audio,,No,birth.date-month,11
4,1722253171759,29/07/2024 11:39:31,1722253171527,1,29/07/2024 12:39:31,161157,10,questionnaire-i1ko,,39253206,BLIND,11512487,,complete,,66a77f4a4c7db227b08a255b,computer,Desktop or Laptop,Windows 10,Chrome 122.0.0.0,1920x1080,1903x953,,,,Consent from the previous project,2,752ms,,,,audio,,No,birth.date-year,27
5,1722253171759,29/07/2024 11:39:31,1722253171528,1,29/07/2024 12:39:31,161157,10,questionnaire-i1ko,,39253206,BLIND,11512487,,complete,,66a77f4a4c7db227b08a255b,computer,Desktop or Laptop,Windows 10,Chrome 122.0.0.0,1920x1080,1903x953,,,,Consent from the previous project,2,752ms,,,,audio,,No,sex,Male
6,1722253171759,29/07/2024 11:39:31,1722253171528,1,29/07/2024 12:39:31,161157,10,questionnaire-i1ko,,39253206,BLIND,11512487,,complete,,66a77f4a4c7db227b08a255b,computer,Desktop or Laptop,Windows 10,Chrome 122.0.0.0,1920x1080,1903x953,,,,Consent from the previous project,2,752ms,,,,audio,,No,sex-quantised,1
7,1722253171759,29/07/2024 11:39:31,1722253171528,1,29/07/2024 12:39:31,161157,10,questionnaire-i1ko,,39253206,BLIND,11512487,,complete,,66a77f4a4c7db227b08a255b,computer,Desktop or Laptop,Windows 10,Chrome 122.0.0.0,1920x1080,1903x953,,,,Consent from the previous project,2,752ms,,,,audio,,No,sex-text,
8,1722253171759,29/07/2024 11:39:31,1722253171528,1,29/07/2024 12:39:31,161157,10,questionnaire-i1ko,,39253206,BLIND,11512487,,complete,,66a77f4a4c7db227b08a255b,computer,Desktop or Laptop,Windows 10,Chrome 122.0.0.0,1920x1080,1903x953,,,,Consent from the previous project,2,752ms,,,,audio,,No,Consent1,1
9,1722253171759,29/07/2024 11:39:31,1722253171528,1,29/07/2024 12:39:31,161157,10,questionnaire-i1ko,,39253206,BLIND,11512487,,complete,,66a77f4a4c7db227b08a255b,computer,Desktop or Laptop,Windows 10,Chrome 122.0.0.0,1920x1080,1903x953,,,,Consent from the previous project,2,752ms,,,,audio,,No,Consent2,1
10,1722253171759,29/07/2024 11:39:31,1722253171528,1,29/07/2024 12:39:31,161157,10,questionnaire-i1ko,,39253206,BLIND,11512487,,complete,,66a77f4a4c7db227b08a255b,computer,Desktop or Laptop,Windows 10,Chrome 122.0.0.0,1920x1080,1903x953,,,,Consent from the previous project,2,752ms,,,,audio,,No,Consent3,1
11,1722253171759,29/07/2024 11:39:31,1722253171528,1,29/07/2024 12:39:31,161157,10,questionnaire-i1ko,,39253206,BLIND,11512487,,complete,,66a77f4a4c7db227b08a255b,computer,Desktop or Laptop,Windows 10,Chrome 122.0.0.0,1920x1080,1903x953,,,,Consent from the previous project,2,752ms,,,,audio,,No,Consent4,1
12,1722253171759,29/07/2024 11:39:31,1722253171528,1,29/07/2024 12:39:31,161157,10,questionnaire-i1ko,,39253206,BLIND,11512487,,complete,,66a77f4a4c7db227b08a255b,computer,Desktop or Laptop,Windows 10,Chrome 122.0.0.0,1920x1080,1903x953,,,,Consent from the previous project,2,752ms,,,,audio,,No,Consent5,1
13,1722253171759,29/07/2024 11:39:31,1722253171528,1,29/07/2024 12:39:31,161157,10,questionnaire-i1ko,,39253206,BLIND,11512487,,complete,,66a77f4a4c7db227b08a255b,computer,Desktop or Laptop,Windows 10,Chrome 122.0.0.0,1920x1080,1903x953,,,,Consent from the previous project,2,752ms,,,,audio,,No,Consent6,1
14,1722253171759,29/07/2024 11:39:31,1722253171528,1,29/07/2024 12:39:31,161157,10,questionnaire-i1ko,,39253206,BLIND,11512487,,complete,,66a77f4a4c7db227b08a255b,computer,Desktop or Laptop,Windows 10,Chrome 122.0.0.0,1920x1080,1903x953,,,,Consent from the previous project,2,752ms,,,,audio,,No,Consent7,1
15,1722253171759,29/07/2024 11:39:31,1722253171529,1,29/07/2024 12:39:31,161157,10,questionnaire-i1ko,,39253206,BLIND,11512487,,complete,,66a77f4a4c7db227b08a255b,computer,Desktop or Laptop,Windows 10,Chrome 122.0.0.0,1920x1080,1903x953,,,,Consent from the previous project,2,752ms,,,,audio,,No,END QUESTIONNAIRE,27202
1,1722253144922,29/07/2024 11:39:04,1722253143332,1,29/07/2024 12:39:03,161157,10,questionnaire-i1ko,,39253207,BLIND,11512488,,complete,,66a77f41af0b71948ea64ea2,computer,Desktop or Laptop,Windows 10,Firefox 128.0,1536x864,1536x702,,,,Consent from the previous project,2,752ms,,,,audio,,No,BEGIN QUESTIONNAIRE,
2,1722253165665,29/07/2024 11:39:25,1722253164105,1,29/07/2024 12:39:24,161157,10,questionnaire-i1ko,,39253207,BLIND,11512488,,complete,,66a77f41af0b71948ea64ea2,computer,Desktop or Laptop,Windows 10,Firefox 128.0,1536x864,1536x702,,,,Consent from the previous project,2,752ms,,,,audio,,No,birth.date-day,14
3,1722253165726,29/07/2024 11:39:25,1722253164107,1,29/07/2024 12:39:24,161157,10,questionnaire-i1ko,,39253207,BLIND,11512488,,complete,,66a77f41af0b71948ea64ea2,computer,Desktop or Laptop,Windows 10,Firefox 128.0,1536x864,1536x702,,,,Consent from the previous project,2,752ms,,,,audio,,No,birth.date-month,9
4,1722253165726,29/07/2024 11:39:25,1722253164107,1,29/07/2024 12:39:24,161157,10,questionnaire-i1ko,,39253207,BLIND,11512488,,complete,,66a77f41af0b71948ea64ea2,computer,Desktop or Laptop,Windows 10,Firefox 128.0,1536x864,1536x702,,,,Consent from the previous project,2,752ms,,,,audio,,No,birth.date-year,32
5,1722253165726,29/07/2024 11:39:25,1722253164108,1,29/07/2024 12:39:24,161157,10,questionnaire-i1ko,,39253207,BLIND,11512488,,complete,,66a77f41af0b71948ea64ea2,computer,Desktop or Laptop,Windows 10,Firefox 128.0,1536x864,1536x702,,,,Consent from the previous project,2,752ms,,,,audio,,No,sex,Male
6,1722253165726,29/07/2024 11:39:25,1722253164108,1,29/07/2024 12:39:24,161157,10,questionnaire-i1ko,,39253207,BLIND,11512488,,complete,,66a77f41af0b71948ea64ea2,computer,Desktop or Laptop,Windows 10,Firefox 128.0,1536x864,1536x702,,,,Consent from the previous project,2,752ms,,,,audio,,No,sex-quantised,1
7,1722253165726,29/07/2024 11:39:25,1722253164108,1,29/07/2024 12:39:24,161157,10,questionnaire-i1ko,,39253207,BLIND,11512488,,complete,,66a77f41af0b71948ea64ea2,computer,Desktop or Laptop,Windows 10,Firefox 128.0,1536x864,1536x702,,,,Consent from the previous project,2,752ms,,,,audio,,No,sex-text,
8,1722253165726,29/07/2024 11:39:25,1722253164108,1,29/07/2024 12:39:24,161157,10,questionnaire-i1ko,,39253207,BLIND,11512488,,complete,,66a77f41af0b71948ea64ea2,computer,Desktop or Laptop,Windows 10,Firefox 128.0,1536x864,1536x702,,,,Consent from the previous project,2,752ms,,,,audio,,No,Consent1,1
9,1722253165726,29/07/2024 11:39:25,1722253164108,1,29/07/2024 12:39:24,161157,10,questionnaire-i1ko,,39253207,BLIND,11512488,,complete,,66a77f41af0b71948ea64ea2,computer,Desktop or Laptop,Windows 10,Firefox 128.0,1536x864,1536x702,,,,Consent from the previous project,2,752ms,,,,audio,,No,Consent2,1
10,1722253165726,29/07/2024 11:39:25,1722253164108,1,29/07/2024 12:39:24,161157,10,questionnaire-i1ko,,39253207,BLIND,11512488,,complete,,66a77f41af0b71948ea64ea2,computer,Desktop or Laptop,Windows 10,Firefox 128.0,1536x864,1536x702,,,,Consent from the previous project,2,752ms,,,,audio,,No,Consent3,1
11,1722253165726,29/07/2024 11:39:25,1722253164108,1,29/07/2024 12:39:24,161157,10,questionnaire-i1ko,,39253207,BLIND,11512488,,complete,,66a77f41af0b71948ea64ea2,computer,Desktop or Laptop,Windows 10,Firefox 128.0,1536x864,1536x702,,,,Consent from the previous project,2,752ms,,,,audio,,No,Consent4,1
12,1722253165726,29/07/2024 11:39:25,1722253164108,1,29/07/2024 12:39:24,161157,10,questionnaire-i1ko,,39253207,BLIND,11512488,,complete,,66a77f41af0b71948ea64ea2,computer,Desktop or Laptop,Windows 10,Firefox 128.0,1536x864,1536x702,,,,Consent from the previous project,2,752ms,,,,audio,,No,Consent5,1
13,1722253165726,29/07/2024 11:39:25,1722253164109,1,29/07/2024 12:39:24,161157,10,questionnaire-i1ko,,39253207,BLIND,11512488,,complete,,66a77f41af0b71948ea64ea2,computer,Desktop or Laptop,Windows 10,Firefox 128.0,1536x864,1536x702,,,,Consent from the previous project,2,752ms,,,,audio,,No,Consent6,1
14,1722253165726,29/07/2024 11:39:25,1722253164109,1,29/07/2024 12:39:24,161157,10,questionnaire-i1ko,,39253207,BLIND,11512488,,complete,,66a77f41af0b71948ea64ea2,computer,Desktop or Laptop,Windows 10,Firefox 128.0,1536x864,1536x702,,,,Consent from the previous project,2,752ms,,,,audio,,No,Consent7,1
15,1722253165726,29/07/2024 11:39:25,1722253164109,1,29/07/2024 12:39:24,161157,10,questionnaire-i1ko,,39253207,BLIND,11512488,,complete,,66a77f41af0b71948ea64ea2,computer,Desktop or Laptop,Windows 10,Firefox 128.0,1536x864,1536x702,,,,Consent from the previous project,2,752ms,,,,audio,,No,END QUESTIONNAIRE,20777
1,1722253148839,29/07/2024 11:39:08,1722253147103,1,29/07/2024 12:39:07,161157,10,questionnaire-i1ko,,39253209,BLIND,11512489,,complete,,66a77f4ba6fc7c9a5eda124c,computer,Desktop or Laptop,Windows 10,Edge 126.0.0.0,1280x720,1272x598,,,,Consent from the previous project,2,438ms,,audio,,,,No,BEGIN QUESTIONNAIRE,
2,1722253198179,29/07/2024 11:39:58,1722253196472,1,29/07/2024 12:39:56,161157,10,questionnaire-i1ko,,39253209,BLIND,11512489,,complete,,66a77f4ba6fc7c9a5eda124c,computer,Desktop or Laptop,Windows 10,Edge 126.0.0.0,1280x720,1257x598,,,,Consent from the previous project,2,438ms,,audio,,,,No,birth.date-day,21
3,1722253198247,29/07/2024 11:39:58,1722253196473,1,29/07/2024 12:39:56,161157,10,questionnaire-i1ko,,39253209,BLIND,11512489,,complete,,66a77f4ba6fc7c9a5eda124c,computer,Desktop or Laptop,Windows 10,Edge 126.0.0.0,1280x720,1257x598,,,,Consent from the previous project,2,438ms,,audio,,,,No,birth.date-month,1
4,1722253198247,29/07/2024 11:39:58,1722253196473,1,29/07/2024 12:39:56,161157,10,questionnaire-i1ko,,39253209,BLIND,11512489,,complete,,66a77f4ba6fc7c9a5eda124c,computer,Desktop or Laptop,Windows 10,Edge 126.0.0.0,1280x720,1257x598,,,,Consent from the previous project,2,438ms,,audio,,,,No,birth.date-year,43
5,1722253198247,29/07/2024 11:39:58,1722253196474,1,29/07/2024 12:39:56,161157,10,questionnaire-i1ko,,39253209,BLIND,11512489,,complete,,66a77f4ba6fc7c9a5eda124c,computer,Desktop or Laptop,Windows 10,Edge 126.0.0.0,1280x720,1257x598,,,,Consent from the previous project,2,438ms,,audio,,,,No,sex,Male
6,1722253198247,29/07/2024 11:39:58,1722253196474,1,29/07/2024 12:39:56,161157,10,questionnaire-i1ko,,39253209,BLIND,11512489,,complete,,66a77f4ba6fc7c9a5eda124c,computer,Desktop or Laptop,Windows 10,Edge 126.0.0.0,1280x720,1257x598,,,,Consent from the previous project,2,438ms,,audio,,,,No,sex-quantised,1
7,1722253198247,29/07/2024 11:39:58,1722253196474,1,29/07/2024 12:39:56,161157,10,questionnaire-i1ko,,39253209,BLIND,11512489,,complete,,66a77f4ba6fc7c9a5eda124c,computer,Desktop or Laptop,Windows 10,Edge 126.0.0.0,1280x720,1257x598,,,,Consent from the previous project,2,438ms,,audio,,,,No,sex-text,
8,1722253198247,29/07/2024 11:39:58,1722253196474,1,29/07/2024 12:39:56,161157,10,questionnaire-i1ko,,39253209,BLIND,11512489,,complete,,66a77f4ba6fc7c9a5eda124c,computer,Desktop or Laptop,Windows 10,Edge 126.0.0.0,1280x720,1257x598,,,,Consent from the previous project,2,438ms,,audio,,,,No,Consent1,1
9,1722253198247,29/07/2024 11:39:58,1722253196474,1,29/07/2024 12:39:56,161157,10,questionnaire-i1ko,,39253209,BLIND,11512489,,complete,,66a77f4ba6fc7c9a5eda124c,computer,Desktop or Laptop,Windows 10,Edge 126.0.0.0,1280x720,1257x598,,,,Consent from the previous project,2,438ms,,audio,,,,No,Consent2,1
10,1722253198247,29/07/2024 11:39:58,1722253196474,1,29/07/2024 12:39:56,161157,10,questionnaire-i1ko,,39253209,BLIND,11512489,,complete,,66a77f4ba6fc7c9a5eda124c,computer,Desktop or Laptop,Windows 10,Edge 126.0.0.0,1280x720,1257x598,,,,Consent from the previous project,2,438ms,,audio,,,,No,Consent3,1
11,1722253198247,29/07/2024 11:39:58,1722253196474,1,29/07/2024 12:39:56,161157,10,questionnaire-i1ko,,39253209,BLIND,11512489,,complete,,66a77f4ba6fc7c9a5eda124c,computer,Desktop or Laptop,Windows 10,Edge 126.0.0.0,1280x720,1257x598,,,,Consent from the previous project,2,438ms,,audio,,,,No,Consent4,1
12,1722253198247,29/07/2024 11:39:58,1722253196474,1,29/07/2024 12:39:56,161157,10,questionnaire-i1ko,,39253209,BLIND,11512489,,complete,,66a77f4ba6fc7c9a5eda124c,computer,Desktop or Laptop,Windows 10,Edge 126.0.0.0,1280x720,1257x598,,,,Consent from the previous project,2,438ms,,audio,,,,No,Consent5,1
13,1722253198247,29/07/2024 11:39:58,1722253196474,1,29/07/2024 12:39:56,161157,10,questionnaire-i1ko,,39253209,BLIND,11512489,,complete,,66a77f4ba6fc7c9a5eda124c,computer,Desktop or Laptop,Windows 10,Edge 126.0.0.0,1280x720,1257x598,,,,Consent from the previous project,2,438ms,,audio,,,,No,Consent6,1
14,1722253198247,29/07/2024 11:39:58,1722253196474,1,29/07/2024 12:39:56,161157,10,questionnaire-i1ko,,39253209,BLIND,11512489,,complete,,66a77f4ba6fc7c9a5eda124c,computer,Desktop or Laptop,Windows 10,Edge 126.0.0.0,1280x720,1257x598,,,,Consent from the previous project,2,438ms,,audio,,,,No,Consent7,1
15,1722253198247,29/07/2024 11:39:58,1722253196474,1,29/07/2024 12:39:56,161157,10,questionnaire-i1ko,,39253209,BLIND,11512489,,complete,,66a77f4ba6fc7c9a5eda124c,computer,Desktop or Laptop,Windows 10,Edge 126.0.0.0,1280x720,1257x598,,,,Consent from the previous project,2,438ms,,audio,,,,No,END QUESTIONNAIRE,49371
1,1722253153049,29/07/2024 11:39:13,1722253152878,1,29/07/2024 12:39:12,161157,10,questionnaire-i1ko,,39253213,BLIND,11512490,,complete,,66a77f46d10d5213bc9d2f20,computer,Desktop or Laptop,Mac OS 10.15.7,Chrome 126.0.0.0,1280x800,1163x648,,,,Consent from the previous project,2,752ms,,,,audio,,No,BEGIN QUESTIONNAIRE,
2,1722253178696,29/07/2024 11:39:38,1722253178566,1,29/07/2024 12:39:38,161157,10,questionnaire-i1ko,,39253213,BLIND,11512490,,complete,,66a77f46d10d5213bc9d2f20,computer,Desktop or Laptop,Mac OS 10.15.7,Chrome 126.0.0.0,1280x800,1163x648,,,,Consent from the previous project,2,752ms,,,,audio,,No,birth.date-day,21
3,1722253178769,29/07/2024 11:39:38,1722253178568,1,29/07/2024 12:39:38,161157,10,questionnaire-i1ko,,39253213,BLIND,11512490,,complete,,66a77f46d10d5213bc9d2f20,computer,Desktop or Laptop,Mac OS 10.15.7,Chrome 126.0.0.0,1280x800,1163x648,,,,Consent from the previous project,2,752ms,,,,audio,,No,birth.date-month,5
4,1722253178769,29/07/2024 11:39:38,1722253178568,1,29/07/2024 12:39:38,161157,10,questionnaire-i1ko,,39253213,BLIND,11512490,,complete,,66a77f46d10d5213bc9d2f20,computer,Desktop or Laptop,Mac OS 10.15.7,Chrome 126.0.0.0,1280x800,1163x648,,,,Consent from the previous project,2,752ms,,,,audio,,No,birth.date-year,37
5,1722253178769,29/07/2024 11:39:38,1722253178568,1,29/07/2024 12:39:38,161157,10,questionnaire-i1ko,,39253213,BLIND,11512490,,complete,,66a77f46d10d5213bc9d2f20,computer,Desktop or Laptop,Mac OS 10.15.7,Chrome 126.0.0.0,1280x800,1163x648,,,,Consent from the previous project,2,752ms,,,,audio,,No,sex,Male
6,1722253178769,29/07/2024 11:39:38,1722253178568,1,29/07/2024 12:39:38,161157,10,questionnaire-i1ko,,39253213,BLIND,11512490,,complete,,66a77f46d10d5213bc9d2f20,computer,Desktop or Laptop,Mac OS 10.15.7,Chrome 126.0.0.0,1280x800,1163x648,,,,Consent from the previous project,2,752ms,,,,audio,,No,sex-quantised,1
7,1722253178769,29/07/2024 11:39:38,1722253178568,1,29/07/2024 12:39:38,161157,10,questionnaire-i1ko,,39253213,BLIND,11512490,,complete,,66a77f46d10d5213bc9d2f20,computer,Desktop or Laptop,Mac OS 10.15.7,Chrome 126.0.0.0,1280x800,1163x648,,,,Consent from the previous project,2,752ms,,,,audio,,No,sex-text,
8,1722253178769,29/07/2024 11:39:38,1722253178568,1,29/07/2024 12:39:38,161157,10,questionnaire-i1ko,,39253213,BLIND,11512490,,complete,,66a77f46d10d5213bc9d2f20,computer,Desktop or Laptop,Mac OS 10.15.7,Chrome 126.0.0.0,1280x800,1163x648,,,,Consent from the previous project,2,752ms,,,,audio,,No,Consent1,1
9,1722253178769,29/07/2024 11:39:38,1722253178568,1,29/07/2024 12:39:38,161157,10,questionnaire-i1ko,,39253213,BLIND,11512490,,complete,,66a77f46d10d5213bc9d2f20,computer,Desktop or Laptop,Mac OS 10.15.7,Chrome 126.0.0.0,1280x800,1163x648,,,,Consent from the previous project,2,752ms,,,,audio,,No,Consent2,1
10,1722253178769,29/07/2024 11:39:38,1722253178568,1,29/07/2024 12:39:38,161157,10,questionnaire-i1ko,,39253213,BLIND,11512490,,complete,,66a77f46d10d5213bc9d2f20,computer,Desktop or Laptop,Mac OS 10.15.7,Chrome 126.0.0.0,1280x800,1163x648,,,,Consent from the previous project,2,752ms,,,,audio,,No,Consent3,1
11,1722253178769,29/07/2024 11:39:38,1722253178568,1,29/07/2024 12:39:38,161157,10,questionnaire-i1ko,,39253213,BLIND,11512490,,complete,,66a77f46d10d5213bc9d2f20,computer,Desktop or Laptop,Mac OS 10.15.7,Chrome 126.0.0.0,1280x800,1163x648,,,,Consent from the previous project,2,752ms,,,,audio,,No,Consent4,1
12,1722253178769,29/07/2024 11:39:38,1722253178569,1,29/07/2024 12:39:38,161157,10,questionnaire-i1ko,,39253213,BLIND,11512490,,complete,,66a77f46d10d5213bc9d2f20,computer,Desktop or Laptop,Mac OS 10.15.7,Chrome 126.0.0.0,1280x800,1163x648,,,,Consent from the previous project,2,752ms,,,,audio,,No,Consent5,1
13,1722253178769,29/07/2024 11:39:38,1722253178569,1,29/07/2024 12:39:38,161157,10,questionnaire-i1ko,,39253213,BLIND,11512490,,complete,,66a77f46d10d5213bc9d2f20,computer,Desktop or Laptop,Mac OS 10.15.7,Chrome 126.0.0.0,1280x800,1163x648,,,,Consent from the previous project,2,752ms,,,,audio,,No,Consent6,1
14,1722253178769,29/07/2024 11:39:38,1722253178569,1,29/07/2024 12:39:38,161157,10,questionnaire-i1ko,,39253213,BLIND,11512490,,complete,,66a77f46d10d5213bc9d2f20,computer,Desktop or Laptop,Mac OS 10.15.7,Chrome 126.0.0.0,1280x800,1163x648,,,,Consent from the previous project,2,752ms,,,,audio,,No,Consent7,1
15,1722253178769,29/07/2024 11:39:38,1722253178569,1,29/07/2024 12:39:38,161157,10,questionnaire-i1ko,,39253213,BLIND,11512490,,complete,,66a77f46d10d5213bc9d2f20,computer,Desktop or Laptop,Mac OS 10.15.7,Chrome 126.0.0.0,1280x800,1163x648,,,,Consent from the previous project,2,752ms,,,,audio,,No,END QUESTIONNAIRE,25691
1,1722253160483,29/07/2024 11:39:20,1722253160513,1,29/07/2024 12:39:20,161157,10,questionnaire-i1ko,,39253216,BLIND,11512491,,complete,,66a77f432214e3ba62d1c407,computer,Desktop or Laptop,Windows 10,Chrome 127.0.0.0,1128x752,1128x625,,,,Consent from the previous project,2,752ms,,,,audio,,No,BEGIN QUESTIONNAIRE,
2,1722253201159,29/07/2024 11:40:01,1722253201242,1,29/07/2024 12:40:01,161157,10,questionnaire-i1ko,,39253216,BLIND,11512491,,complete,,66a77f432214e3ba62d1c407,computer,Desktop or Laptop,Windows 10,Chrome 127.0.0.0,1128x752,1111x625,,,,Consent from the previous project,2,752ms,,,,audio,,No,birth.date-day,14
3,1722253201270,29/07/2024 11:40:01,1722253201243,1,29/07/2024 12:40:01,161157,10,questionnaire-i1ko,,39253216,BLIND,11512491,,complete,,66a77f432214e3ba62d1c407,computer,Desktop or Laptop,Windows 10,Chrome 127.0.0.0,1128x752,1111x625,,,,Consent from the previous project,2,752ms,,,,audio,,No,birth.date-month,2
4,1722253201270,29/07/2024 11:40:01,1722253201243,1,29/07/2024 12:40:01,161157,10,questionnaire-i1ko,,39253216,BLIND,11512491,,complete,,66a77f432214e3ba62d1c407,computer,Desktop or Laptop,Windows 10,Chrome 127.0.0.0,1128x752,1111x625,,,,Consent from the previous project,2,752ms,,,,audio,,No,birth.date-year,59
5,1722253201270,29/07/2024 11:40:01,1722253201243,1,29/07/2024 12:40:01,161157,10,questionnaire-i1ko,,39253216,BLIND,11512491,,complete,,66a77f432214e3ba62d1c407,computer,Desktop or Laptop,Windows 10,Chrome 127.0.0.0,1128x752,1111x625,,,,Consent from the previous project,2,752ms,,,,audio,,No,sex,Male
6,1722253201270,29/07/2024 11:40:01,1722253201243,1,29/07/2024 12:40:01,161157,10,questionnaire-i1ko,,39253216,BLIND,11512491,,complete,,66a77f432214e3ba62d1c407,computer,Desktop or Laptop,Windows 10,Chrome 127.0.0.0,1128x752,1111x625,,,,Consent from the previous project,2,752ms,,,,audio,,No,sex-quantised,1
7,1722253201270,29/07/2024 11:40:01,1722253201243,1,29/07/2024 12:40:01,161157,10,questionnaire-i1ko,,39253216,BLIND,11512491,,complete,,66a77f432214e3ba62d1c407,computer,Desktop or Laptop,Windows 10,Chrome 127.0.0.0,1128x752,1111x625,,,,Consent from the previous project,2,752ms,,,,audio,,No,sex-text,
8,1722253201270,29/07/2024 11:40:01,1722253201244,1,29/07/2024 12:40:01,161157,10,questionnaire-i1ko,,39253216,BLIND,11512491,,complete,,66a77f432214e3ba62d1c407,computer,Desktop or Laptop,Windows 10,Chrome 127.0.0.0,1128x752,1111x625,,,,Consent from the previous project,2,752ms,,,,audio,,No,Consent1,1
9,1722253201270,29/07/2024 11:40:01,1722253201244,1,29/07/2024 12:40:01,161157,10,questionnaire-i1ko,,39253216,BLIND,11512491,,complete,,66a77f432214e3ba62d1c407,computer,Desktop or Laptop,Windows 10,Chrome 127.0.0.0,1128x752,1111x625,,,,Consent from the previous project,2,752ms,,,,audio,,No,Consent2,1
10,1722253201270,29/07/2024 11:40:01,1722253201244,1,29/07/2024 12:40:01,161157,10,questionnaire-i1ko,,39253216,BLIND,11512491,,complete,,66a77f432214e3ba62d1c407,computer,Desktop or Laptop,Windows 10,Chrome 127.0.0.0,1128x752,1111x625,,,,Consent from the previous project,2,752ms,,,,audio,,No,Consent3,1
11,1722253201270,29/07/2024 11:40:01,1722253201244,1,29/07/2024 12:40:01,161157,10,questionnaire-i1ko,,39253216,BLIND,11512491,,complete,,66a77f432214e3ba62d1c407,computer,Desktop or Laptop,Windows 10,Chrome 127.0.0.0,1128x752,1111x625,,,,Consent from the previous project,2,752ms,,,,audio,,No,Consent4,1
12,1722253201270,29/07/2024 11:40:01,1722253201244,1,29/07/2024 12:40:01,161157,10,questionnaire-i1ko,,39253216,BLIND,11512491,,complete,,66a77f432214e3ba62d1c407,computer,Desktop or Laptop,Windows 10,Chrome 127.0.0.0,1128x752,1111x625,,,,Consent from the previous project,2,752ms,,,,audio,,No,Consent5,1
13,1722253201270,29/07/2024 11:40:01,1722253201244,1,29/07/2024 12:40:01,161157,10,questionnaire-i1ko,,39253216,BLIND,11512491,,complete,,66a77f432214e3ba62d1c407,computer,Desktop or Laptop,Windows 10,Chrome 127.0.0.0,1128x752,1111x625,,,,Consent from the previous project,2,752ms,,,,audio,,No,Consent6,1
14,1722253201270,29/07/2024 11:40:01,1722253201244,1,29/07/2024 12:40:01,161157,10,questionnaire-i1ko,,39253216,BLIND,11512491,,complete,,66a77f432214e3ba62d1c407,computer,Desktop or Laptop,Windows 10,Chrome 127.0.0.0,1128x752,1111x625,,,,Consent from the previous project,2,752ms,,,,audio,,No,Consent7,1
15,1722253201270,29/07/2024 11:40:01,1722253201245,1,29/07/2024 12:40:01,161157,10,questionnaire-i1ko,,39253216,BLIND,11512491,,complete,,66a77f432214e3ba62d1c407,computer,Desktop or Laptop,Windows 10,Chrome 127.0.0.0,1128x752,1111x625,,,,Consent from the previous project,2,752ms,,,,audio,,No,END QUESTIONNAIRE,40732
1,1722253165717,29/07/2024 11:39:25,1722254514836,1,29/07/2024 13:01:54,161157,10,questionnaire-i1ko,,39253225,BLIND,11512494,,complete,,66a77f47e8a3052d4025f6fe,computer,Desktop or Laptop,Mac OS 10.15.7,Chrome 126.0.0.0,1920x1080,1616x839,,,,Consent from the previous project,2,752ms,,,,audio,,No,BEGIN QUESTIONNAIRE,
2,1722253243042,29/07/2024 11:40:43,1722254592192,1,29/07/2024 13:03:12,161157,10,questionnaire-i1ko,,39253225,BLIND,11512494,,complete,,66a77f47e8a3052d4025f6fe,computer,Desktop or Laptop,Mac OS 10.15.7,Chrome 126.0.0.0,1920x1080,1601x839,,,,Consent from the previous project,2,752ms,,,,audio,,No,birth.date-day,0
3,1722253243083,29/07/2024 11:40:43,1722254592193,1,29/07/2024 13:03:12,161157,10,questionnaire-i1ko,,39253225,BLIND,11512494,,complete,,66a77f47e8a3052d4025f6fe,computer,Desktop or Laptop,Mac OS 10.15.7,Chrome 126.0.0.0,1920x1080,1601x839,,,,Consent from the previous project,2,752ms,,,,audio,,No,birth.date-month,0
4,1722253243083,29/07/2024 11:40:43,1722254592193,1,29/07/2024 13:03:12,161157,10,questionnaire-i1ko,,39253225,BLIND,11512494,,complete,,66a77f47e8a3052d4025f6fe,computer,Desktop or Laptop,Mac OS 10.15.7,Chrome 126.0.0.0,1920x1080,1601x839,,,,Consent from the previous project,2,752ms,,,,audio,,No,birth.date-year,0
5,1722253243083,29/07/2024 11:40:43,1722254592193,1,29/07/2024 13:03:12,161157,10,questionnaire-i1ko,,39253225,BLIND,11512494,,complete,,66a77f47e8a3052d4025f6fe,computer,Desktop or Laptop,Mac OS 10.15.7,Chrome 126.0.0.0,1920x1080,1601x839,,,,Consent from the previous project,2,752ms,,,,audio,,No,sex,Female
6,1722253243083,29/07/2024 11:40:43,1722254592194,1,29/07/2024 13:03:12,161157,10,questionnaire-i1ko,,39253225,BLIND,11512494,,complete,,66a77f47e8a3052d4025f6fe,computer,Desktop or Laptop,Mac OS 10.15.7,Chrome 126.0.0.0,1920x1080,1601x839,,,,Consent from the previous project,2,752ms,,,,audio,,No,sex-quantised,2
7,1722253243083,29/07/2024 11:40:43,1722254592194,1,29/07/2024 13:03:12,161157,10,questionnaire-i1ko,,39253225,BLIND,11512494,,complete,,66a77f47e8a3052d4025f6fe,computer,Desktop or Laptop,Mac OS 10.15.7,Chrome 126.0.0.0,1920x1080,1601x839,,,,Consent from the previous project,2,752ms,,,,audio,,No,sex-text,
8,1722253243083,29/07/2024 11:40:43,1722254592194,1,29/07/2024 13:03:12,161157,10,questionnaire-i1ko,,39253225,BLIND,11512494,,complete,,66a77f47e8a3052d4025f6fe,computer,Desktop or Laptop,Mac OS 10.15.7,Chrome 126.0.0.0,1920x1080,1601x839,,,,Consent from the previous project,2,752ms,,,,audio,,No,Consent1,1
9,1722253243083,29/07/2024 11:40:43,1722254592194,1,29/07/2024 13:03:12,161157,10,questionnaire-i1ko,,39253225,BLIND,11512494,,complete,,66a77f47e8a3052d4025f6fe,computer,Desktop or Laptop,Mac OS 10.15.7,Chrome 126.0.0.0,1920x1080,1601x839,,,,Consent from the previous project,2,752ms,,,,audio,,No,Consent2,1
10,1722253243083,29/07/2024 11:40:43,1722254592194,1,29/07/2024 13:03:12,161157,10,questionnaire-i1ko,,39253225,BLIND,11512494,,complete,,66a77f47e8a3052d4025f6fe,computer,Desktop or Laptop,Mac OS 10.15.7,Chrome 126.0.0.0,1920x1080,1601x839,,,,Consent from the previous project,2,752ms,,,,audio,,No,Consent3,1
11,1722253243083,29/07/2024 11:40:43,1722254592194,1,29/07/2024 13:03:12,161157,10,questionnaire-i1ko,,39253225,BLIND,11512494,,complete,,66a77f47e8a3052d4025f6fe,computer,Desktop or Laptop,Mac OS 10.15.7,Chrome 126.0.0.0,1920x1080,1601x839,,,,Consent from the previous project,2,752ms,,,,audio,,No,Consent4,1
12,1722253243083,29/07/2024 11:40:43,1722254592194,1,29/07/2024 13:03:12,161157,10,questionnaire-i1ko,,39253225,BLIND,11512494,,complete,,66a77f47e8a3052d4025f6fe,computer,Desktop or Laptop,Mac OS 10.15.7,Chrome 126.0.0.0,1920x1080,1601x839,,,,Consent from the previous project,2,752ms,,,,audio,,No,Consent5,1
13,1722253243083,29/07/2024 11:40:43,1722254592194,1,29/07/2024 13:03:12,161157,10,questionnaire-i1ko,,39253225,BLIND,11512494,,complete,,66a77f47e8a3052d4025f6fe,computer,Desktop or Laptop,Mac OS 10.15.7,Chrome 126.0.0.0,1920x1080,1601x839,,,,Consent from the previous project,2,752ms,,,,audio,,No,Consent6,1
14,1722253243083,29/07/2024 11:40:43,1722254592194,1,29/07/2024 13:03:12,161157,10,questionnaire-i1ko,,39253225,BLIND,11512494,,complete,,66a77f47e8a3052d4025f6fe,computer,Desktop or Laptop,Mac OS 10.15.7,Chrome 126.0.0.0,1920x1080,1601x839,,,,Consent from the previous project,2,752ms,,,,audio,,No,Consent7,1
15,1722253243083,29/07/2024 11:40:43,1722254592195,1,29/07/2024 13:03:12,161157,10,questionnaire-i1ko,,39253225,BLIND,11512494,,complete,,66a77f47e8a3052d4025f6fe,computer,Desktop or Laptop,Mac OS 10.15.7,Chrome 126.0.0.0,1920x1080,1601x839,,,,Consent from the previous project,2,752ms,,,,audio,,No,END QUESTIONNAIRE,77359
1,1722253172692,29/07/2024 11:39:32,1722253170931,1,29/07/2024 12:39:30,161157,10,questionnaire-i1ko,,39253233,BLIND,11512496,,complete,,66a77f4532e7575b13460a68,computer,Desktop or Laptop,Windows 10,Opera 112.0.0.0,1280x720,1278x551,,,,Consent from the previous project,2,752ms,,,,audio,,No,BEGIN QUESTIONNAIRE,
2,1722253197526,29/07/2024 11:39:57,1722253195800,1,29/07/2024 12:39:55,161157,10,questionnaire-i1ko,,39253233,BLIND,11512496,,complete,,66a77f4532e7575b13460a68,computer,Desktop or Laptop,Windows 10,Opera 112.0.0.0,1280x720,1263x551,,,,Consent from the previous project,2,752ms,,,,audio,,No,birth.date-day,6
3,1722253197603,29/07/2024 11:39:57,1722253195802,1,29/07/2024 12:39:55,161157,10,questionnaire-i1ko,,39253233,BLIND,11512496,,complete,,66a77f4532e7575b13460a68,computer,Desktop or Laptop,Windows 10,Opera 112.0.0.0,1280x720,1263x551,,,,Consent from the previous project,2,752ms,,,,audio,,No,birth.date-month,8
4,1722253197603,29/07/2024 11:39:57,1722253195802,1,29/07/2024 12:39:55,161157,10,questionnaire-i1ko,,39253233,BLIND,11512496,,complete,,66a77f4532e7575b13460a68,computer,Desktop or Laptop,Windows 10,Opera 112.0.0.0,1280x720,1263x551,,,,Consent from the previous project,2,752ms,,,,audio,,No,birth.date-year,19
5,1722253197603,29/07/2024 11:39:57,1722253195802,1,29/07/2024 12:39:55,161157,10,questionnaire-i1ko,,39253233,BLIND,11512496,,complete,,66a77f4532e7575b13460a68,computer,Desktop or Laptop,Windows 10,Opera 112.0.0.0,1280x720,1263x551,,,,Consent from the previous project,2,752ms,,,,audio,,No,sex,Female
6,1722253197603,29/07/2024 11:39:57,1722253195802,1,29/07/2024 12:39:55,161157,10,questionnaire-i1ko,,39253233,BLIND,11512496,,complete,,66a77f4532e7575b13460a68,computer,Desktop or Laptop,Windows 10,Opera 112.0.0.0,1280x720,1263x551,,,,Consent from the previous project,2,752ms,,,,audio,,No,sex-quantised,2
7,1722253197603,29/07/2024 11:39:57,1722253195802,1,29/07/2024 12:39:55,161157,10,questionnaire-i1ko,,39253233,BLIND,11512496,,complete,,66a77f4532e7575b13460a68,computer,Desktop or Laptop,Windows 10,Opera 112.0.0.0,1280x720,1263x551,,,,Consent from the previous project,2,752ms,,,,audio,,No,sex-text,
8,1722253197603,29/07/2024 11:39:57,1722253195803,1,29/07/2024 12:39:55,161157,10,questionnaire-i1ko,,39253233,BLIND,11512496,,complete,,66a77f4532e7575b13460a68,computer,Desktop or Laptop,Windows 10,Opera 112.0.0.0,1280x720,1263x551,,,,Consent from the previous project,2,752ms,,,,audio,,No,Consent1,1
9,1722253197603,29/07/2024 11:39:57,1722253195803,1,29/07/2024 12:39:55,161157,10,questionnaire-i1ko,,39253233,BLIND,11512496,,complete,,66a77f4532e7575b13460a68,computer,Desktop or Laptop,Windows 10,Opera 112.0.0.0,1280x720,1263x551,,,,Consent from the previous project,2,752ms,,,,audio,,No,Consent2,1
10,1722253197603,29/07/2024 11:39:57,1722253195803,1,29/07/2024 12:39:55,161157,10,questionnaire-i1ko,,39253233,BLIND,11512496,,complete,,66a77f4532e7575b13460a68,computer,Desktop or Laptop,Windows 10,Opera 112.0.0.0,1280x720,1263x551,,,,Consent from the previous project,2,752ms,,,,audio,,No,Consent3,1
11,1722253197603,29/07/2024 11:39:57,1722253195803,1,29/07/2024 12:39:55,161157,10,questionnaire-i1ko,,39253233,BLIND,11512496,,complete,,66a77f4532e7575b13460a68,computer,Desktop or Laptop,Windows 10,Opera 112.0.0.0,1280x720,1263x551,,,,Consent from the previous project,2,752ms,,,,audio,,No,Consent4,1
12,1722253197603,29/07/2024 11:39:57,1722253195803,1,29/07/2024 12:39:55,161157,10,questionnaire-i1ko,,39253233,BLIND,11512496,,complete,,66a77f4532e7575b13460a68,computer,Desktop or Laptop,Windows 10,Opera 112.0.0.0,1280x720,1263x551,,,,Consent from the previous project,2,752ms,,,,audio,,No,Consent5,1
13,1722253197603,29/07/2024 11:39:57,1722253195803,1,29/07/2024 12:39:55,161157,10,questionnaire-i1ko,,39253233,BLIND,11512496,,complete,,66a77f4532e7575b13460a68,computer,Desktop or Laptop,Windows 10,Opera 112.0.0.0,1280x720,1263x551,,,,Consent from the previous project,2,752ms,,,,audio,,No,Consent6,1
14,1722253197603,29/07/2024 11:39:57,1722253195803,1,29/07/2024 12:39:55,161157,10,questionnaire-i1ko,,39253233,BLIND,11512496,,complete,,66a77f4532e7575b13460a68,computer,Desktop or Laptop,Windows 10,Opera 112.0.0.0,1280x720,1263x551,,,,Consent from the previous project,2,752ms,,,,audio,,No,Consent7,1
15,1722253197603,29/07/2024 11:39:57,1722253195803,1,29/07/2024 12:39:55,161157,10,questionnaire-i1ko,,39253233,BLIND,11512496,,complete,,66a77f4532e7575b13460a68,computer,Desktop or Laptop,Windows 10,Opera 112.0.0.0,1280x720,1263x551,,,,Consent from the previous project,2,752ms,,,,audio,,No,END QUESTIONNAIRE,24873
1,1722253178217,29/07/2024 11:39:38,1722253176055,1,29/07/2024 12:39:36,161157,10,questionnaire-i1ko,,39253238,BLIND,11512500,,complete,,66a77f4806e7a57fea5da4ff,computer,Desktop or Laptop,Windows 10,Chrome 127.0.0.0,1366x768,1366x633,,,,Consent from the previous project,2,752ms,,,,audio,,No,BEGIN QUESTIONNAIRE,
2,1722253227552,29/07/2024 11:40:27,1722253225313,1,29/07/2024 12:40:25,161157,10,questionnaire-i1ko,,39253238,BLIND,11512500,,complete,,66a77f4806e7a57fea5da4ff,computer,Desktop or Laptop,Windows 10,Chrome 127.0.0.0,1366x768,1349x633,,,,Consent from the previous project,2,752ms,,,,audio,,No,birth.date-day,29
3,1722253227610,29/07/2024 11:40:27,1722253225316,1,29/07/2024 12:40:25,161157,10,questionnaire-i1ko,,39253238,BLIND,11512500,,complete,,66a77f4806e7a57fea5da4ff,computer,Desktop or Laptop,Windows 10,Chrome 127.0.0.0,1366x768,1349x633,,,,Consent from the previous project,2,752ms,,,,audio,,No,birth.date-month,6
4,1722253227610,29/07/2024 11:40:27,1722253225316,1,29/07/2024 12:40:25,161157,10,questionnaire-i1ko,,39253238,BLIND,11512500,,complete,,66a77f4806e7a57fea5da4ff,computer,Desktop or Laptop,Windows 10,Chrome 127.0.0.0,1366x768,1349x633,,,,Consent from the previous project,2,752ms,,,,audio,,No,birth.date-year,59
5,1722253227610,29/07/2024 11:40:27,1722253225316,1,29/07/2024 12:40:25,161157,10,questionnaire-i1ko,,39253238,BLIND,11512500,,complete,,66a77f4806e7a57fea5da4ff,computer,Desktop or Laptop,Windows 10,Chrome 127.0.0.0,1366x768,1349x633,,,,Consent from the previous project,2,752ms,,,,audio,,No,sex,Female
6,1722253227610,29/07/2024 11:40:27,1722253225317,1,29/07/2024 12:40:25,161157,10,questionnaire-i1ko,,39253238,BLIND,11512500,,complete,,66a77f4806e7a57fea5da4ff,computer,Desktop or Laptop,Windows 10,Chrome 127.0.0.0,1366x768,1349x633,,,,Consent from the previous project,2,752ms,,,,audio,,No,sex-quantised,2
7,1722253227610,29/07/2024 11:40:27,1722253225317,1,29/07/2024 12:40:25,161157,10,questionnaire-i1ko,,39253238,BLIND,11512500,,complete,,66a77f4806e7a57fea5da4ff,computer,Desktop or Laptop,Windows 10,Chrome 127.0.0.0,1366x768,1349x633,,,,Consent from the previous project,2,752ms,,,,audio,,No,sex-text,
8,1722253227610,29/07/2024 11:40:27,1722253225317,1,29/07/2024 12:40:25,161157,10,questionnaire-i1ko,,39253238,BLIND,11512500,,complete,,66a77f4806e7a57fea5da4ff,computer,Desktop or Laptop,Windows 10,Chrome 127.0.0.0,1366x768,1349x633,,,,Consent from the previous project,2,752ms,,,,audio,,No,Consent1,1
9,1722253227610,29/07/2024 11:40:27,1722253225318,1,29/07/2024 12:40:25,161157,10,questionnaire-i1ko,,39253238,BLIND,11512500,,complete,,66a77f4806e7a57fea5da4ff,computer,Desktop or Laptop,Windows 10,Chrome 127.0.0.0,1366x768,1349x633,,,,Consent from the previous project,2,752ms,,,,audio,,No,Consent2,1
10,1722253227610,29/07/2024 11:40:27,1722253225318,1,29/07/2024 12:40:25,161157,10,questionnaire-i1ko,,39253238,BLIND,11512500,,complete,,66a77f4806e7a57fea5da4ff,computer,Desktop or Laptop,Windows 10,Chrome 127.0.0.0,1366x768,1349x633,,,,Consent from the previous project,2,752ms,,,,audio,,No,Consent3,1
11,1722253227610,29/07/2024 11:40:27,1722253225318,1,29/07/2024 12:40:25,161157,10,questionnaire-i1ko,,39253238,BLIND,11512500,,complete,,66a77f4806e7a57fea5da4ff,computer,Desktop or Laptop,Windows 10,Chrome 127.0.0.0,1366x768,1349x633,,,,Consent from the previous project,2,752ms,,,,audio,,No,Consent4,1
12,1722253227610,29/07/2024 11:40:27,1722253225318,1,29/07/2024 12:40:25,161157,10,questionnaire-i1ko,,39253238,BLIND,11512500,,complete,,66a77f4806e7a57fea5da4ff,computer,Desktop or Laptop,Windows 10,Chrome 127.0.0.0,1366x768,1349x633,,,,Consent from the previous project,2,752ms,,,,audio,,No,Consent5,1
13,1722253227610,29/07/2024 11:40:27,1722253225318,1,29/07/2024 12:40:25,161157,10,questionnaire-i1ko,,39253238,BLIND,11512500,,complete,,66a77f4806e7a57fea5da4ff,computer,Desktop or Laptop,Windows 10,Chrome 127.0.0.0,1366x768,1349x633,,,,Consent from the previous project,2,752ms,,,,audio,,No,Consent6,1
14,1722253227610,29/07/2024 11:40:27,1722253225319,1,29/07/2024 12:40:25,161157,10,questionnaire-i1ko,,39253238,BLIND,11512500,,complete,,66a77f4806e7a57fea5da4ff,computer,Desktop or Laptop,Windows 10,Chrome 127.0.0.0,1366x768,1349x633,,,,Consent from the previous project,2,752ms,,,,audio,,No,Consent7,1
15,1722253227610,29/07/2024 11:40:27,1722253225319,1,29/07/2024 12:40:25,161157,10,questionnaire-i1ko,,39253238,BLIND,11512500,,complete,,66a77f4806e7a57fea5da4ff,computer,Desktop or Laptop,Windows 10,Chrome 127.0.0.0,1366x768,1349x633,,,,Consent from the previous project,2,752ms,,,,audio,,No,END QUESTIONNAIRE,49264
1,1722253194559,29/07/2024 11:39:54,1722253194119,1,29/07/2024 12:39:54,161157,10,questionnaire-i1ko,,39253251,BLIND,11512505,,complete,,66a77f44b09c8c29b05a3510,computer,Desktop or Laptop,Windows 10,Firefox 128.0,1536x864,1536x739,,,,Consent from the previous project,2,752ms,,,,audio,,No,BEGIN QUESTIONNAIRE,
2,1722253245250,29/07/2024 11:40:45,1722253244866,1,29/07/2024 12:40:44,161157,10,questionnaire-i1ko,,39253251,BLIND,11512505,,complete,,66a77f44b09c8c29b05a3510,computer,Desktop or Laptop,Windows 10,Firefox 128.0,1536x864,1519x739,,,,Consent from the previous project,2,752ms,,,,audio,,No,birth.date-day,17
3,1722253245333,29/07/2024 11:40:45,1722253244867,1,29/07/2024 12:40:44,161157,10,questionnaire-i1ko,,39253251,BLIND,11512505,,complete,,66a77f44b09c8c29b05a3510,computer,Desktop or Laptop,Windows 10,Firefox 128.0,1536x864,1519x739,,,,Consent from the previous project,2,752ms,,,,audio,,No,birth.date-month,6
4,1722253245333,29/07/2024 11:40:45,1722253244867,1,29/07/2024 12:40:44,161157,10,questionnaire-i1ko,,39253251,BLIND,11512505,,complete,,66a77f44b09c8c29b05a3510,computer,Desktop or Laptop,Windows 10,Firefox 128.0,1536x864,1519x739,,,,Consent from the previous project,2,752ms,,,,audio,,No,birth.date-year,33
5,1722253245333,29/07/2024 11:40:45,1722253244867,1,29/07/2024 12:40:44,161157,10,questionnaire-i1ko,,39253251,BLIND,11512505,,complete,,66a77f44b09c8c29b05a3510,computer,Desktop or Laptop,Windows 10,Firefox 128.0,1536x864,1519x739,,,,Consent from the previous project,2,752ms,,,,audio,,No,sex,Female
6,1722253245333,29/07/2024 11:40:45,1722253244867,1,29/07/2024 12:40:44,161157,10,questionnaire-i1ko,,39253251,BLIND,11512505,,complete,,66a77f44b09c8c29b05a3510,computer,Desktop or Laptop,Windows 10,Firefox 128.0,1536x864,1519x739,,,,Consent from the previous project,2,752ms,,,,audio,,No,sex-quantised,2
7,1722253245333,29/07/2024 11:40:45,1722253244867,1,29/07/2024 12:40:44,161157,10,questionnaire-i1ko,,39253251,BLIND,11512505,,complete,,66a77f44b09c8c29b05a3510,computer,Desktop or Laptop,Windows 10,Firefox 128.0,1536x864,1519x739,,,,Consent from the previous project,2,752ms,,,,audio,,No,sex-text,
8,1722253245333,29/07/2024 11:40:45,1722253244867,1,29/07/2024 12:40:44,161157,10,questionnaire-i1ko,,39253251,BLIND,11512505,,complete,,66a77f44b09c8c29b05a3510,computer,Desktop or Laptop,Windows 10,Firefox 128.0,1536x864,1519x739,,,,Consent from the previous project,2,752ms,,,,audio,,No,Consent1,1
9,1722253245333,29/07/2024 11:40:45,1722253244867,1,29/07/2024 12:40:44,161157,10,questionnaire-i1ko,,39253251,BLIND,11512505,,complete,,66a77f44b09c8c29b05a3510,computer,Desktop or Laptop,Windows 10,Firefox 128.0,1536x864,1519x739,,,,Consent from the previous project,2,752ms,,,,audio,,No,Consent2,1
10,1722253245333,29/07/2024 11:40:45,1722253244867,1,29/07/2024 12:40:44,161157,10,questionnaire-i1ko,,39253251,BLIND,11512505,,complete,,66a77f44b09c8c29b05a3510,computer,Desktop or Laptop,Windows 10,Firefox 128.0,1536x864,1519x739,,,,Consent from the previous project,2,752ms,,,,audio,,No,Consent3,1
11,1722253245333,29/07/2024 11:40:45,1722253244868,1,29/07/2024 12:40:44,161157,10,questionnaire-i1ko,,39253251,BLIND,11512505,,complete,,66a77f44b09c8c29b05a3510,computer,Desktop or Laptop,Windows 10,Firefox 128.0,1536x864,1519x739,,,,Consent from the previous project,2,752ms,,,,audio,,No,Consent4,1
12,1722253245333,29/07/2024 11:40:45,1722253244868,1,29/07/2024 12:40:44,161157,10,questionnaire-i1ko,,39253251,BLIND,11512505,,complete,,66a77f44b09c8c29b05a3510,computer,Desktop or Laptop,Windows 10,Firefox 128.0,1536x864,1519x739,,,,Consent from the previous project,2,752ms,,,,audio,,No,Consent5,1
13,1722253245333,29/07/2024 11:40:45,1722253244868,1,29/07/2024 12:40:44,161157,10,questionnaire-i1ko,,39253251,BLIND,11512505,,complete,,66a77f44b09c8c29b05a3510,computer,Desktop or Laptop,Windows 10,Firefox 128.0,1536x864,1519x739,,,,Consent from the previous project,2,752ms,,,,audio,,No,Consent6,1
14,1722253245333,29/07/2024 11:40:45,1722253244868,1,29/07/2024 12:40:44,161157,10,questionnaire-i1ko,,39253251,BLIND,11512505,,complete,,66a77f44b09c8c29b05a3510,computer,Desktop or Laptop,Windows 10,Firefox 128.0,1536x864,1519x739,,,,Consent from the previous project,2,752ms,,,,audio,,No,Consent7,1
15,1722253245333,29/07/2024 11:40:45,1722253244869,1,29/07/2024 12:40:44,161157,10,questionnaire-i1ko,,39253251,BLIND,11512505,,complete,,66a77f44b09c8c29b05a3510,computer,Desktop or Laptop,Windows 10,Firefox 128.0,1536x864,1519x739,,,,Consent from the previous project,2,752ms,,,,audio,,No,END QUESTIONNAIRE,50749
1,1722253205371,29/07/2024 11:40:05,1722253107499,1,29/07/2024 12:38:27,161157,10,questionnaire-i1ko,,39253280,BLIND,11512522,,complete,,66a77f49018eda608d676027,computer,Desktop or Laptop,Windows 10,Chrome 127.0.0.0,1280x720,1280x593,,,,Consent from the previous project,2,752ms,,,,audio,,No,BEGIN QUESTIONNAIRE,
2,1722253253557,29/07/2024 11:40:53,1722253155732,1,29/07/2024 12:39:15,161157,10,questionnaire-i1ko,,39253280,BLIND,11512522,,complete,,66a77f49018eda608d676027,computer,Desktop or Laptop,Windows 10,Chrome 127.0.0.0,1280x720,1263x593,,,,Consent from the previous project,2,752ms,,,,audio,,No,birth.date-day,18
3,1722253254333,29/07/2024 11:40:54,1722253155736,1,29/07/2024 12:39:15,161157,10,questionnaire-i1ko,,39253280,BLIND,11512522,,complete,,66a77f49018eda608d676027,computer,Desktop or Laptop,Windows 10,Chrome 127.0.0.0,1280x720,1263x593,,,,Consent from the previous project,2,752ms,,,,audio,,No,birth.date-month,11
4,1722253254333,29/07/2024 11:40:54,1722253155736,1,29/07/2024 12:39:15,161157,10,questionnaire-i1ko,,39253280,BLIND,11512522,,complete,,66a77f49018eda608d676027,computer,Desktop or Laptop,Windows 10,Chrome 127.0.0.0,1280x720,1263x593,,,,Consent from the previous project,2,752ms,,,,audio,,No,birth.date-year,28
5,1722253254333,29/07/2024 11:40:54,1722253155736,1,29/07/2024 12:39:15,161157,10,questionnaire-i1ko,,39253280,BLIND,11512522,,complete,,66a77f49018eda608d676027,computer,Desktop or Laptop,Windows 10,Chrome 127.0.0.0,1280x720,1263x593,,,,Consent from the previous project,2,752ms,,,,audio,,No,sex,Male
6,1722253254333,29/07/2024 11:40:54,1722253155737,1,29/07/2024 12:39:15,161157,10,questionnaire-i1ko,,39253280,BLIND,11512522,,complete,,66a77f49018eda608d676027,computer,Desktop or Laptop,Windows 10,Chrome 127.0.0.0,1280x720,1263x593,,,,Consent from the previous project,2,752ms,,,,audio,,No,sex-quantised,1
7,1722253254333,29/07/2024 11:40:54,1722253155737,1,29/07/2024 12:39:15,161157,10,questionnaire-i1ko,,39253280,BLIND,11512522,,complete,,66a77f49018eda608d676027,computer,Desktop or Laptop,Windows 10,Chrome 127.0.0.0,1280x720,1263x593,,,,Consent from the previous project,2,752ms,,,,audio,,No,sex-text,
8,1722253254333,29/07/2024 11:40:54,1722253155737,1,29/07/2024 12:39:15,161157,10,questionnaire-i1ko,,39253280,BLIND,11512522,,complete,,66a77f49018eda608d676027,computer,Desktop or Laptop,Windows 10,Chrome 127.0.0.0,1280x720,1263x593,,,,Consent from the previous project,2,752ms,,,,audio,,No,Consent1,1
9,1722253254333,29/07/2024 11:40:54,1722253155737,1,29/07/2024 12:39:15,161157,10,questionnaire-i1ko,,39253280,BLIND,11512522,,complete,,66a77f49018eda608d676027,computer,Desktop or Laptop,Windows 10,Chrome 127.0.0.0,1280x720,1263x593,,,,Consent from the previous project,2,752ms,,,,audio,,No,Consent2,1
10,1722253254333,29/07/2024 11:40:54,1722253155738,1,29/07/2024 12:39:15,161157,10,questionnaire-i1ko,,39253280,BLIND,11512522,,complete,,66a77f49018eda608d676027,computer,Desktop or Laptop,Windows 10,Chrome 127.0.0.0,1280x720,1263x593,,,,Consent from the previous project,2,752ms,,,,audio,,No,Consent3,1
11,1722253254333,29/07/2024 11:40:54,1722253155738,1,29/07/2024 12:39:15,161157,10,questionnaire-i1ko,,39253280,BLIND,11512522,,complete,,66a77f49018eda608d676027,computer,Desktop or Laptop,Windows 10,Chrome 127.0.0.0,1280x720,1263x593,,,,Consent from the previous project,2,752ms,,,,audio,,No,Consent4,1
12,1722253254333,29/07/2024 11:40:54,1722253155739,1,29/07/2024 12:39:15,161157,10,questionnaire-i1ko,,39253280,BLIND,11512522,,complete,,66a77f49018eda608d676027,computer,Desktop or Laptop,Windows 10,Chrome 127.0.0.0,1280x720,1263x593,,,,Consent from the previous project,2,752ms,,,,audio,,No,Consent5,1
13,1722253254333,29/07/2024 11:40:54,1722253155739,1,29/07/2024 12:39:15,161157,10,questionnaire-i1ko,,39253280,BLIND,11512522,,complete,,66a77f49018eda608d676027,computer,Desktop or Laptop,Windows 10,Chrome 127.0.0.0,1280x720,1263x593,,,,Consent from the previous project,2,752ms,,,,audio,,No,Consent6,1
14,1722253254333,29/07/2024 11:40:54,1722253155740,1,29/07/2024 12:39:15,161157,10,questionnaire-i1ko,,39253280,BLIND,11512522,,complete,,66a77f49018eda608d676027,computer,Desktop or Laptop,Windows 10,Chrome 127.0.0.0,1280x720,1263x593,,,,Consent from the previous project,2,752ms,,,,audio,,No,Consent7,1
15,1722253254333,29/07/2024 11:40:54,1722253155740,1,29/07/2024 12:39:15,161157,10,questionnaire-i1ko,,39253280,BLIND,11512522,,complete,,66a77f49018eda608d676027,computer,Desktop or Laptop,Windows 10,Chrome 127.0.0.0,1280x720,1263x593,,,,Consent from the previous project,2,752ms,,,,audio,,No,END QUESTIONNAIRE,48241
1,1722253205970,29/07/2024 11:40:05,1722253206039,1,29/07/2024 12:40:06,161157,10,questionnaire-i1ko,,39253291,BLIND,11512527,,complete,,66a77f491d3b7e13c307fe90,computer,Desktop or Laptop,Windows 10,Chrome 126.0.0.0,1920x1080,1920x919,,,,Consent from the previous project,2,438ms,,audio,,,,No,BEGIN QUESTIONNAIRE,
2,1722253269465,29/07/2024 11:41:09,1722253269601,1,29/07/2024 12:41:09,161157,10,questionnaire-i1ko,,39253291,BLIND,11512527,,complete,,66a77f491d3b7e13c307fe90,computer,Desktop or Laptop,Windows 10,Chrome 126.0.0.0,1920x1080,1903x919,,,,Consent from the previous project,2,438ms,,audio,,,,No,birth.date-day,4
3,1722253269535,29/07/2024 11:41:09,1722253269603,1,29/07/2024 12:41:09,161157,10,questionnaire-i1ko,,39253291,BLIND,11512527,,complete,,66a77f491d3b7e13c307fe90,computer,Desktop or Laptop,Windows 10,Chrome 126.0.0.0,1920x1080,1903x919,,,,Consent from the previous project,2,438ms,,audio,,,,No,birth.date-month,0
4,1722253269535,29/07/2024 11:41:09,1722253269603,1,29/07/2024 12:41:09,161157,10,questionnaire-i1ko,,39253291,BLIND,11512527,,complete,,66a77f491d3b7e13c307fe90,computer,Desktop or Laptop,Windows 10,Chrome 126.0.0.0,1920x1080,1903x919,,,,Consent from the previous project,2,438ms,,audio,,,,No,birth.date-year,31
5,1722253269535,29/07/2024 11:41:09,1722253269603,1,29/07/2024 12:41:09,161157,10,questionnaire-i1ko,,39253291,BLIND,11512527,,complete,,66a77f491d3b7e13c307fe90,computer,Desktop or Laptop,Windows 10,Chrome 126.0.0.0,1920x1080,1903x919,,,,Consent from the previous project,2,438ms,,audio,,,,No,sex,Male
6,1722253269535,29/07/2024 11:41:09,1722253269603,1,29/07/2024 12:41:09,161157,10,questionnaire-i1ko,,39253291,BLIND,11512527,,complete,,66a77f491d3b7e13c307fe90,computer,Desktop or Laptop,Windows 10,Chrome 126.0.0.0,1920x1080,1903x919,,,,Consent from the previous project,2,438ms,,audio,,,,No,sex-quantised,1
7,1722253269535,29/07/2024 11:41:09,1722253269604,1,29/07/2024 12:41:09,161157,10,questionnaire-i1ko,,39253291,BLIND,11512527,,complete,,66a77f491d3b7e13c307fe90,computer,Desktop or Laptop,Windows 10,Chrome 126.0.0.0,1920x1080,1903x919,,,,Consent from the previous project,2,438ms,,audio,,,,No,sex-text,
8,1722253269535,29/07/2024 11:41:09,1722253269604,1,29/07/2024 12:41:09,161157,10,questionnaire-i1ko,,39253291,BLIND,11512527,,complete,,66a77f491d3b7e13c307fe90,computer,Desktop or Laptop,Windows 10,Chrome 126.0.0.0,1920x1080,1903x919,,,,Consent from the previous project,2,438ms,,audio,,,,No,Consent1,1
9,1722253269535,29/07/2024 11:41:09,1722253269604,1,29/07/2024 12:41:09,161157,10,questionnaire-i1ko,,39253291,BLIND,11512527,,complete,,66a77f491d3b7e13c307fe90,computer,Desktop or Laptop,Windows 10,Chrome 126.0.0.0,1920x1080,1903x919,,,,Consent from the previous project,2,438ms,,audio,,,,No,Consent2,1
10,1722253269535,29/07/2024 11:41:09,1722253269604,1,29/07/2024 12:41:09,161157,10,questionnaire-i1ko,,39253291,BLIND,11512527,,complete,,66a77f491d3b7e13c307fe90,computer,Desktop or Laptop,Windows 10,Chrome 126.0.0.0,1920x1080,1903x919,,,,Consent from the previous project,2,438ms,,audio,,,,No,Consent3,1
11,1722253269535,29/07/2024 11:41:09,1722253269604,1,29/07/2024 12:41:09,161157,10,questionnaire-i1ko,,39253291,BLIND,11512527,,complete,,66a77f491d3b7e13c307fe90,computer,Desktop or Laptop,Windows 10,Chrome 126.0.0.0,1920x1080,1903x919,,,,Consent from the previous project,2,438ms,,audio,,,,No,Consent4,1
12,1722253269535,29/07/2024 11:41:09,1722253269604,1,29/07/2024 12:41:09,161157,10,questionnaire-i1ko,,39253291,BLIND,11512527,,complete,,66a77f491d3b7e13c307fe90,computer,Desktop or Laptop,Windows 10,Chrome 126.0.0.0,1920x1080,1903x919,,,,Consent from the previous project,2,438ms,,audio,,,,No,Consent5,1
13,1722253269535,29/07/2024 11:41:09,1722253269605,1,29/07/2024 12:41:09,161157,10,questionnaire-i1ko,,39253291,BLIND,11512527,,complete,,66a77f491d3b7e13c307fe90,computer,Desktop or Laptop,Windows 10,Chrome 126.0.0.0,1920x1080,1903x919,,,,Consent from the previous project,2,438ms,,audio,,,,No,Consent6,1
14,1722253269535,29/07/2024 11:41:09,1722253269605,1,29/07/2024 12:41:09,161157,10,questionnaire-i1ko,,39253291,BLIND,11512527,,complete,,66a77f491d3b7e13c307fe90,computer,Desktop or Laptop,Windows 10,Chrome 126.0.0.0,1920x1080,1903x919,,,,Consent from the previous project,2,438ms,,audio,,,,No,Consent7,1
15,1722253269535,29/07/2024 11:41:09,1722253269605,1,29/07/2024 12:41:09,161157,10,questionnaire-i1ko,,39253291,BLIND,11512527,,complete,,66a77f491d3b7e13c307fe90,computer,Desktop or Laptop,Windows 10,Chrome 126.0.0.0,1920x1080,1903x919,,,,Consent from the previous project,2,438ms,,audio,,,,No,END QUESTIONNAIRE,63566
1,1722253494387,29/07/2024 11:44:54,1722253494266,1,29/07/2024 12:44:54,161157,10,questionnaire-i1ko,,39253512,BLIND,11512586,,complete,,66a77f4852c5f4a43425a5e9,computer,Desktop or Laptop,Windows 10,Chrome 126.0.0.0,1280x720,1280x585,,,,Consent from the previous project,2,438ms,,audio,,,,No,BEGIN QUESTIONNAIRE,
2,1722253903740,29/07/2024 11:51:43,1722253900730,1,29/07/2024 12:51:40,161157,10,questionnaire-i1ko,,39253512,BLIND,11512586,,complete,,66a77f4852c5f4a43425a5e9,computer,Desktop or Laptop,Windows 10,Chrome 126.0.0.0,1280x720,1263x585,,,,Consent from the previous project,2,438ms,,audio,,,,No,birth.date-day,14
3,1722253904491,29/07/2024 11:51:44,1722253900732,1,29/07/2024 12:51:40,161157,10,questionnaire-i1ko,,39253512,BLIND,11512586,,complete,,66a77f4852c5f4a43425a5e9,computer,Desktop or Laptop,Windows 10,Chrome 126.0.0.0,1280x720,1263x585,,,,Consent from the previous project,2,438ms,,audio,,,,No,birth.date-month,3
4,1722253904491,29/07/2024 11:51:44,1722253900732,1,29/07/2024 12:51:40,161157,10,questionnaire-i1ko,,39253512,BLIND,11512586,,complete,,66a77f4852c5f4a43425a5e9,computer,Desktop or Laptop,Windows 10,Chrome 126.0.0.0,1280x720,1263x585,,,,Consent from the previous project,2,438ms,,audio,,,,No,birth.date-year,32
5,1722253904491,29/07/2024 11:51:44,1722253900732,1,29/07/2024 12:51:40,161157,10,questionnaire-i1ko,,39253512,BLIND,11512586,,complete,,66a77f4852c5f4a43425a5e9,computer,Desktop or Laptop,Windows 10,Chrome 126.0.0.0,1280x720,1263x585,,,,Consent from the previous project,2,438ms,,audio,,,,No,sex,Male
6,1722253904491,29/07/2024 11:51:44,1722253900732,1,29/07/2024 12:51:40,161157,10,questionnaire-i1ko,,39253512,BLIND,11512586,,complete,,66a77f4852c5f4a43425a5e9,computer,Desktop or Laptop,Windows 10,Chrome 126.0.0.0,1280x720,1263x585,,,,Consent from the previous project,2,438ms,,audio,,,,No,sex-quantised,1
7,1722253904491,29/07/2024 11:51:44,1722253900732,1,29/07/2024 12:51:40,161157,10,questionnaire-i1ko,,39253512,BLIND,11512586,,complete,,66a77f4852c5f4a43425a5e9,computer,Desktop or Laptop,Windows 10,Chrome 126.0.0.0,1280x720,1263x585,,,,Consent from the previous project,2,438ms,,audio,,,,No,sex-text,
8,1722253904491,29/07/2024 11:51:44,1722253900732,1,29/07/2024 12:51:40,161157,10,questionnaire-i1ko,,39253512,BLIND,11512586,,complete,,66a77f4852c5f4a43425a5e9,computer,Desktop or Laptop,Windows 10,Chrome 126.0.0.0,1280x720,1263x585,,,,Consent from the previous project,2,438ms,,audio,,,,No,Consent1,1
9,1722253904491,29/07/2024 11:51:44,1722253900732,1,29/07/2024 12:51:40,161157,10,questionnaire-i1ko,,39253512,BLIND,11512586,,complete,,66a77f4852c5f4a43425a5e9,computer,Desktop or Laptop,Windows 10,Chrome 126.0.0.0,1280x720,1263x585,,,,Consent from the previous project,2,438ms,,audio,,,,No,Consent2,1
10,1722253904491,29/07/2024 11:51:44,1722253900732,1,29/07/2024 12:51:40,161157,10,questionnaire-i1ko,,39253512,BLIND,11512586,,complete,,66a77f4852c5f4a43425a5e9,computer,Desktop or Laptop,Windows 10,Chrome 126.0.0.0,1280x720,1263x585,,,,Consent from the previous project,2,438ms,,audio,,,,No,Consent3,1
11,1722253904491,29/07/2024 11:51:44,1722253900732,1,29/07/2024 12:51:40,161157,10,questionnaire-i1ko,,39253512,BLIND,11512586,,complete,,66a77f4852c5f4a43425a5e9,computer,Desktop or Laptop,Windows 10,Chrome 126.0.0.0,1280x720,1263x585,,,,Consent from the previous project,2,438ms,,audio,,,,No,Consent4,1
12,1722253904491,29/07/2024 11:51:44,1722253900732,1,29/07/2024 12:51:40,161157,10,questionnaire-i1ko,,39253512,BLIND,11512586,,complete,,66a77f4852c5f4a43425a5e9,computer,Desktop or Laptop,Windows 10,Chrome 126.0.0.0,1280x720,1263x585,,,,Consent from the previous project,2,438ms,,audio,,,,No,Consent5,1
13,1722253904491,29/07/2024 11:51:44,1722253900732,1,29/07/2024 12:51:40,161157,10,questionnaire-i1ko,,39253512,BLIND,11512586,,complete,,66a77f4852c5f4a43425a5e9,computer,Desktop or Laptop,Windows 10,Chrome 126.0.0.0,1280x720,1263x585,,,,Consent from the previous project,2,438ms,,audio,,,,No,Consent6,1
14,1722253904491,29/07/2024 11:51:44,1722253900732,1,29/07/2024 12:51:40,161157,10,questionnaire-i1ko,,39253512,BLIND,11512586,,complete,,66a77f4852c5f4a43425a5e9,computer,Desktop or Laptop,Windows 10,Chrome 126.0.0.0,1280x720,1263x585,,,,Consent from the previous project,2,438ms,,audio,,,,No,Consent7,1
15,1722253904491,29/07/2024 11:51:44,1722253900732,1,29/07/2024 12:51:40,161157,10,questionnaire-i1ko,,39253512,BLIND,11512586,,complete,,66a77f4852c5f4a43425a5e9,computer,Desktop or Laptop,Windows 10,Chrome 126.0.0.0,1280x720,1263x585,,,,Consent from the previous project,2,438ms,,audio,,,,No,END QUESTIONNAIRE,406466
1,1722253129461,29/07/2024 11:38:49,1722253129354,1,29/07/2024 12:38:49,161157,10,questionnaire-i1ko,,39253194,BLIND,11512478,,complete,,66a77f3f9b0020f63b36f3bb,computer,Desktop or Laptop,Mac OS 10.15.7,Chrome 126.0.0.0,1440x900,1440x708,,,,Consent from the previous project,2,752ms,,,,audio,,No,BEGIN QUESTIONNAIRE,
2,1722253160215,29/07/2024 11:39:20,1722253160175,1,29/07/2024 12:39:20,161157,10,questionnaire-i1ko,,39253194,BLIND,11512478,,complete,,66a77f3f9b0020f63b36f3bb,computer,Desktop or Laptop,Mac OS 10.15.7,Chrome 126.0.0.0,1440x900,1425x708,,,,Consent from the previous project,2,752ms,,,,audio,,No,birth.date-day,19
3,1722253160257,29/07/2024 11:39:20,1722253160176,1,29/07/2024 12:39:20,161157,10,questionnaire-i1ko,,39253194,BLIND,11512478,,complete,,66a77f3f9b0020f63b36f3bb,computer,Desktop or Laptop,Mac OS 10.15.7,Chrome 126.0.0.0,1440x900,1425x708,,,,Consent from the previous project,2,752ms,,,,audio,,No,birth.date-month,4
4,1722253160257,29/07/2024 11:39:20,1722253160176,1,29/07/2024 12:39:20,161157,10,questionnaire-i1ko,,39253194,BLIND,11512478,,complete,,66a77f3f9b0020f63b36f3bb,computer,Desktop or Laptop,Mac OS 10.15.7,Chrome 126.0.0.0,1440x900,1425x708,,,,Consent from the previous project,2,752ms,,,,audio,,No,birth.date-year,27
5,1722253160257,29/07/2024 11:39:20,1722253160176,1,29/07/2024 12:39:20,161157,10,questionnaire-i1ko,,39253194,BLIND,11512478,,complete,,66a77f3f9b0020f63b36f3bb,computer,Desktop or Laptop,Mac OS 10.15.7,Chrome 126.0.0.0,1440x900,1425x708,,,,Consent from the previous project,2,752ms,,,,audio,,No,sex,Male
6,1722253160257,29/07/2024 11:39:20,1722253160176,1,29/07/2024 12:39:20,161157,10,questionnaire-i1ko,,39253194,BLIND,11512478,,complete,,66a77f3f9b0020f63b36f3bb,computer,Desktop or Laptop,Mac OS 10.15.7,Chrome 126.0.0.0,1440x900,1425x708,,,,Consent from the previous project,2,752ms,,,,audio,,No,sex-quantised,1
7,1722253160257,29/07/2024 11:39:20,1722253160176,1,29/07/2024 12:39:20,161157,10,questionnaire-i1ko,,39253194,BLIND,11512478,,complete,,66a77f3f9b0020f63b36f3bb,computer,Desktop or Laptop,Mac OS 10.15.7,Chrome 126.0.0.0,1440x900,1425x708,,,,Consent from the previous project,2,752ms,,,,audio,,No,sex-text,
8,1722253160257,29/07/2024 11:39:20,1722253160176,1,29/07/2024 12:39:20,161157,10,questionnaire-i1ko,,39253194,BLIND,11512478,,complete,,66a77f3f9b0020f63b36f3bb,computer,Desktop or Laptop,Mac OS 10.15.7,Chrome 126.0.0.0,1440x900,1425x708,,,,Consent from the previous project,2,752ms,,,,audio,,No,Consent1,1
9,1722253160257,29/07/2024 11:39:20,1722253160176,1,29/07/2024 12:39:20,161157,10,questionnaire-i1ko,,39253194,BLIND,11512478,,complete,,66a77f3f9b0020f63b36f3bb,computer,Desktop or Laptop,Mac OS 10.15.7,Chrome 126.0.0.0,1440x900,1425x708,,,,Consent from the previous project,2,752ms,,,,audio,,No,Consent2,1
10,1722253160257,29/07/2024 11:39:20,1722253160176,1,29/07/2024 12:39:20,161157,10,questionnaire-i1ko,,39253194,BLIND,11512478,,complete,,66a77f3f9b0020f63b36f3bb,computer,Desktop or Laptop,Mac OS 10.15.7,Chrome 126.0.0.0,1440x900,1425x708,,,,Consent from the previous project,2,752ms,,,,audio,,No,Consent3,1
11,1722253160257,29/07/2024 11:39:20,1722253160176,1,29/07/2024 12:39:20,161157,10,questionnaire-i1ko,,39253194,BLIND,11512478,,complete,,66a77f3f9b0020f63b36f3bb,computer,Desktop or Laptop,Mac OS 10.15.7,Chrome 126.0.0.0,1440x900,1425x708,,,,Consent from the previous project,2,752ms,,,,audio,,No,Consent4,1
12,1722253160257,29/07/2024 11:39:20,1722253160177,1,29/07/2024 12:39:20,161157,10,questionnaire-i1ko,,39253194,BLIND,11512478,,complete,,66a77f3f9b0020f63b36f3bb,computer,Desktop or Laptop,Mac OS 10.15.7,Chrome 126.0.0.0,1440x900,1425x708,,,,Consent from the previous project,2,752ms,,,,audio,,No,Consent5,1
13,1722253160257,29/07/2024 11:39:20,1722253160177,1,29/07/2024 12:39:20,161157,10,questionnaire-i1ko,,39253194,BLIND,11512478,,complete,,66a77f3f9b0020f63b36f3bb,computer,Desktop or Laptop,Mac OS 10.15.7,Chrome 126.0.0.0,1440x900,1425x708,,,,Consent from the previous project,2,752ms,,,,audio,,No,Consent6,1
14,1722253160257,29/07/2024 11:39:20,1722253160177,1,29/07/2024 12:39:20,161157,10,questionnaire-i1ko,,39253194,BLIND,11512478,,complete,,66a77f3f9b0020f63b36f3bb,computer,Desktop or Laptop,Mac OS 10.15.7,Chrome 126.0.0.0,1440x900,1425x708,,,,Consent from the previous project,2,752ms,,,,audio,,No,Consent7,1
15,1722253160257,29/07/2024 11:39:20,1722253160177,1,29/07/2024 12:39:20,161157,10,questionnaire-i1ko,,39253194,BLIND,11512478,,complete,,66a77f3f9b0020f63b36f3bb,computer,Desktop or Laptop,Mac OS 10.15.7,Chrome 126.0.0.0,1440x900,1425x708,,,,Consent from the previous project,2,752ms,,,,audio,,No,END QUESTIONNAIRE,30823
1,1722253134159,29/07/2024 11:38:54,1722253134119,1,29/07/2024 12:38:54,161157,10,questionnaire-i1ko,,39253196,BLIND,11512479,,complete,,66a77f43850cf707c246e96f,computer,Desktop or Laptop,Windows 10,Chrome 126.0.0.0,1600x1067,628x931,,,,Consent from the previous project,2,438ms,,audio,,,,No,BEGIN QUESTIONNAIRE,
2,1722253160921,29/07/2024 11:39:20,1722253160927,1,29/07/2024 12:39:20,161157,10,questionnaire-i1ko,,39253196,BLIND,11512479,,complete,,66a77f43850cf707c246e96f,computer,Desktop or Laptop,Windows 10,Chrome 126.0.0.0,1600x1067,611x931,,,,Consent from the previous project,2,438ms,,audio,,,,No,birth.date-day,8
3,1722253160998,29/07/2024 11:39:20,1722253160928,1,29/07/2024 12:39:20,161157,10,questionnaire-i1ko,,39253196,BLIND,11512479,,complete,,66a77f43850cf707c246e96f,computer,Desktop or Laptop,Windows 10,Chrome 126.0.0.0,1600x1067,611x931,,,,Consent from the previous project,2,438ms,,audio,,,,No,birth.date-month,10
4,1722253160998,29/07/2024 11:39:20,1722253160928,1,29/07/2024 12:39:20,161157,10,questionnaire-i1ko,,39253196,BLIND,11512479,,complete,,66a77f43850cf707c246e96f,computer,Desktop or Laptop,Windows 10,Chrome 126.0.0.0,1600x1067,611x931,,,,Consent from the previous project,2,438ms,,audio,,,,No,birth.date-year,31
5,1722253160998,29/07/2024 11:39:20,1722253160928,1,29/07/2024 12:39:20,161157,10,questionnaire-i1ko,,39253196,BLIND,11512479,,complete,,66a77f43850cf707c246e96f,computer,Desktop or Laptop,Windows 10,Chrome 126.0.0.0,1600x1067,611x931,,,,Consent from the previous project,2,438ms,,audio,,,,No,sex,Male
6,1722253160998,29/07/2024 11:39:20,1722253160928,1,29/07/2024 12:39:20,161157,10,questionnaire-i1ko,,39253196,BLIND,11512479,,complete,,66a77f43850cf707c246e96f,computer,Desktop or Laptop,Windows 10,Chrome 126.0.0.0,1600x1067,611x931,,,,Consent from the previous project,2,438ms,,audio,,,,No,sex-quantised,1
7,1722253160998,29/07/2024 11:39:20,1722253160928,1,29/07/2024 12:39:20,161157,10,questionnaire-i1ko,,39253196,BLIND,11512479,,complete,,66a77f43850cf707c246e96f,computer,Desktop or Laptop,Windows 10,Chrome 126.0.0.0,1600x1067,611x931,,,,Consent from the previous project,2,438ms,,audio,,,,No,sex-text,
8,1722253160998,29/07/2024 11:39:20,1722253160929,1,29/07/2024 12:39:20,161157,10,questionnaire-i1ko,,39253196,BLIND,11512479,,complete,,66a77f43850cf707c246e96f,computer,Desktop or Laptop,Windows 10,Chrome 126.0.0.0,1600x1067,611x931,,,,Consent from the previous project,2,438ms,,audio,,,,No,Consent1,1
9,1722253160998,29/07/2024 11:39:20,1722253160929,1,29/07/2024 12:39:20,161157,10,questionnaire-i1ko,,39253196,BLIND,11512479,,complete,,66a77f43850cf707c246e96f,computer,Desktop or Laptop,Windows 10,Chrome 126.0.0.0,1600x1067,611x931,,,,Consent from the previous project,2,438ms,,audio,,,,No,Consent2,1
10,1722253160998,29/07/2024 11:39:20,1722253160929,1,29/07/2024 12:39:20,161157,10,questionnaire-i1ko,,39253196,BLIND,11512479,,complete,,66a77f43850cf707c246e96f,computer,Desktop or Laptop,Windows 10,Chrome 126.0.0.0,1600x1067,611x931,,,,Consent from the previous project,2,438ms,,audio,,,,No,Consent3,1
11,1722253160998,29/07/2024 11:39:20,1722253160929,1,29/07/2024 12:39:20,161157,10,questionnaire-i1ko,,39253196,BLIND,11512479,,complete,,66a77f43850cf707c246e96f,computer,Desktop or Laptop,Windows 10,Chrome 126.0.0.0,1600x1067,611x931,,,,Consent from the previous project,2,438ms,,audio,,,,No,Consent4,1
12,1722253160998,29/07/2024 11:39:20,1722253160929,1,29/07/2024 12:39:20,161157,10,questionnaire-i1ko,,39253196,BLIND,11512479,,complete,,66a77f43850cf707c246e96f,computer,Desktop or Laptop,Windows 10,Chrome 126.0.0.0,1600x1067,611x931,,,,Consent from the previous project,2,438ms,,audio,,,,No,Consent5,1
13,1722253160998,29/07/2024 11:39:20,1722253160929,1,29/07/2024 12:39:20,161157,10,questionnaire-i1ko,,39253196,BLIND,11512479,,complete,,66a77f43850cf707c246e96f,computer,Desktop or Laptop,Windows 10,Chrome 126.0.0.0,1600x1067,611x931,,,,Consent from the previous project,2,438ms,,audio,,,,No,Consent6,1
14,1722253160998,29/07/2024 11:39:20,1722253160929,1,29/07/2024 12:39:20,161157,10,questionnaire-i1ko,,39253196,BLIND,11512479,,complete,,66a77f43850cf707c246e96f,computer,Desktop or Laptop,Windows 10,Chrome 126.0.0.0,1600x1067,611x931,,,,Consent from the previous project,2,438ms,,audio,,,,No,Consent7,1
15,1722253160998,29/07/2024 11:39:20,1722253160930,1,29/07/2024 12:39:20,161157,10,questionnaire-i1ko,,39253196,BLIND,11512479,,complete,,66a77f43850cf707c246e96f,computer,Desktop or Laptop,Windows 10,Chrome 126.0.0.0,1600x1067,611x931,,,,Consent from the previous project,2,438ms,,audio,,,,No,END QUESTIONNAIRE,26811
1,1722253135023,29/07/2024 11:38:55,1722253123990,1,29/07/2024 12:38:43,161157,10,questionnaire-i1ko,,39253197,BLIND,11512480,,complete,,66a77f449d364c1f413c77ca,computer,Desktop or Laptop,Windows 10,Chrome 125.0.0.0,1536x1024,1536x890,,,,Consent from the previous project,2,752ms,,,,audio,,No,BEGIN QUESTIONNAIRE,
2,1722253162613,29/07/2024 11:39:22,1722253151551,1,29/07/2024 12:39:11,161157,10,questionnaire-i1ko,,39253197,BLIND,11512480,,complete,,66a77f449d364c1f413c77ca,computer,Desktop or Laptop,Windows 10,Chrome 125.0.0.0,1536x1024,1519x890,,,,Consent from the previous project,2,752ms,,,,audio,,No,birth.date-day,2
3,1722253162668,29/07/2024 11:39:22,1722253151552,1,29/07/2024 12:39:11,161157,10,questionnaire-i1ko,,39253197,BLIND,11512480,,complete,,66a77f449d364c1f413c77ca,computer,Desktop or Laptop,Windows 10,Chrome 125.0.0.0,1536x1024,1519x890,,,,Consent from the previous project,2,752ms,,,,audio,,No,birth.date-month,1
4,1722253162668,29/07/2024 11:39:22,1722253151552,1,29/07/2024 12:39:11,161157,10,questionnaire-i1ko,,39253197,BLIND,11512480,,complete,,66a77f449d364c1f413c77ca,computer,Desktop or Laptop,Windows 10,Chrome 125.0.0.0,1536x1024,1519x890,,,,Consent from the previous project,2,752ms,,,,audio,,No,birth.date-year,30
5,1722253162668,29/07/2024 11:39:22,1722253151552,1,29/07/2024 12:39:11,161157,10,questionnaire-i1ko,,39253197,BLIND,11512480,,complete,,66a77f449d364c1f413c77ca,computer,Desktop or Laptop,Windows 10,Chrome 125.0.0.0,1536x1024,1519x890,,,,Consent from the previous project,2,752ms,,,,audio,,No,sex,Female
6,1722253162668,29/07/2024 11:39:22,1722253151552,1,29/07/2024 12:39:11,161157,10,questionnaire-i1ko,,39253197,BLIND,11512480,,complete,,66a77f449d364c1f413c77ca,computer,Desktop or Laptop,Windows 10,Chrome 125.0.0.0,1536x1024,1519x890,,,,Consent from the previous project,2,752ms,,,,audio,,No,sex-quantised,2
7,1722253162668,29/07/2024 11:39:22,1722253151553,1,29/07/2024 12:39:11,161157,10,questionnaire-i1ko,,39253197,BLIND,11512480,,complete,,66a77f449d364c1f413c77ca,computer,Desktop or Laptop,Windows 10,Chrome 125.0.0.0,1536x1024,1519x890,,,,Consent from the previous project,2,752ms,,,,audio,,No,sex-text,
8,1722253162668,29/07/2024 11:39:22,1722253151553,1,29/07/2024 12:39:11,161157,10,questionnaire-i1ko,,39253197,BLIND,11512480,,complete,,66a77f449d364c1f413c77ca,computer,Desktop or Laptop,Windows 10,Chrome 125.0.0.0,1536x1024,1519x890,,,,Consent from the previous project,2,752ms,,,,audio,,No,Consent1,1
9,1722253162668,29/07/2024 11:39:22,1722253151553,1,29/07/2024 12:39:11,161157,10,questionnaire-i1ko,,39253197,BLIND,11512480,,complete,,66a77f449d364c1f413c77ca,computer,Desktop or Laptop,Windows 10,Chrome 125.0.0.0,1536x1024,1519x890,,,,Consent from the previous project,2,752ms,,,,audio,,No,Consent2,1
10,1722253162668,29/07/2024 11:39:22,1722253151553,1,29/07/2024 12:39:11,161157,10,questionnaire-i1ko,,39253197,BLIND,11512480,,complete,,66a77f449d364c1f413c77ca,computer,Desktop or Laptop,Windows 10,Chrome 125.0.0.0,1536x1024,1519x890,,,,Consent from the previous project,2,752ms,,,,audio,,No,Consent3,1
11,1722253162668,29/07/2024 11:39:22,1722253151553,1,29/07/2024 12:39:11,161157,10,questionnaire-i1ko,,39253197,BLIND,11512480,,complete,,66a77f449d364c1f413c77ca,computer,Desktop or Laptop,Windows 10,Chrome 125.0.0.0,1536x1024,1519x890,,,,Consent from the previous project,2,752ms,,,,audio,,No,Consent4,1
12,1722253162668,29/07/2024 11:39:22,1722253151553,1,29/07/2024 12:39:11,161157,10,questionnaire-i1ko,,39253197,BLIND,11512480,,complete,,66a77f449d364c1f413c77ca,computer,Desktop or Laptop,Windows 10,Chrome 125.0.0.0,1536x1024,1519x890,,,,Consent from the previous project,2,752ms,,,,audio,,No,Consent5,1
13,1722253162668,29/07/2024 11:39:22,1722253151553,1,29/07/2024 12:39:11,161157,10,questionnaire-i1ko,,39253197,BLIND,11512480,,complete,,66a77f449d364c1f413c77ca,computer,Desktop or Laptop,Windows 10,Chrome 125.0.0.0,1536x1024,1519x890,,,,Consent from the previous project,2,752ms,,,,audio,,No,Consent6,1
14,1722253162668,29/07/2024 11:39:22,1722253151553,1,29/07/2024 12:39:11,161157,10,questionnaire-i1ko,,39253197,BLIND,11512480,,complete,,66a77f449d364c1f413c77ca,computer,Desktop or Laptop,Windows 10,Chrome 125.0.0.0,1536x1024,1519x890,,,,Consent from the previous project,2,752ms,,,,audio,,No,Consent7,1
15,1722253162668,29/07/2024 11:39:22,1722253151553,1,29/07/2024 12:39:11,161157,10,questionnaire-i1ko,,39253197,BLIND,11512480,,complete,,66a77f449d364c1f413c77ca,computer,Desktop or Laptop,Windows 10,Chrome 125.0.0.0,1536x1024,1519x890,,,,Consent from the previous project,2,752ms,,,,audio,,No,END QUESTIONNAIRE,27563
1,1722253135313,29/07/2024 11:38:55,1722253135188,1,29/07/2024 12:38:55,161157,10,questionnaire-i1ko,,39253198,BLIND,11512481,,complete,,66a77f40bf31cbe242976973,computer,Desktop or Laptop,Windows 10,Chrome 127.0.0.0,2560x1440,2560x1271,,,,Consent from the previous project,2,438ms,,audio,,,,No,BEGIN QUESTIONNAIRE,
2,1722253150237,29/07/2024 11:39:10,1722253150171,1,29/07/2024 12:39:10,161157,10,questionnaire-i1ko,,39253198,BLIND,11512481,,complete,,66a77f40bf31cbe242976973,computer,Desktop or Laptop,Windows 10,Chrome 127.0.0.0,2560x1440,2543x1271,,,,Consent from the previous project,2,438ms,,audio,,,,No,birth.date-day,22
3,1722253150289,29/07/2024 11:39:10,1722253150172,1,29/07/2024 12:39:10,161157,10,questionnaire-i1ko,,39253198,BLIND,11512481,,complete,,66a77f40bf31cbe242976973,computer,Desktop or Laptop,Windows 10,Chrome 127.0.0.0,2560x1440,2543x1271,,,,Consent from the previous project,2,438ms,,audio,,,,No,birth.date-month,0
4,1722253150289,29/07/2024 11:39:10,1722253150172,1,29/07/2024 12:39:10,161157,10,questionnaire-i1ko,,39253198,BLIND,11512481,,complete,,66a77f40bf31cbe242976973,computer,Desktop or Laptop,Windows 10,Chrome 127.0.0.0,2560x1440,2543x1271,,,,Consent from the previous project,2,438ms,,audio,,,,No,birth.date-year,27
5,1722253150289,29/07/2024 11:39:10,1722253150172,1,29/07/2024 12:39:10,161157,10,questionnaire-i1ko,,39253198,BLIND,11512481,,complete,,66a77f40bf31cbe242976973,computer,Desktop or Laptop,Windows 10,Chrome 127.0.0.0,2560x1440,2543x1271,,,,Consent from the previous project,2,438ms,,audio,,,,No,sex,Male
6,1722253150289,29/07/2024 11:39:10,1722253150172,1,29/07/2024 12:39:10,161157,10,questionnaire-i1ko,,39253198,BLIND,11512481,,complete,,66a77f40bf31cbe242976973,computer,Desktop or Laptop,Windows 10,Chrome 127.0.0.0,2560x1440,2543x1271,,,,Consent from the previous project,2,438ms,,audio,,,,No,sex-quantised,1
7,1722253150289,29/07/2024 11:39:10,1722253150172,1,29/07/2024 12:39:10,161157,10,questionnaire-i1ko,,39253198,BLIND,11512481,,complete,,66a77f40bf31cbe242976973,computer,Desktop or Laptop,Windows 10,Chrome 127.0.0.0,2560x1440,2543x1271,,,,Consent from the previous project,2,438ms,,audio,,,,No,sex-text,
8,1722253150289,29/07/2024 11:39:10,1722253150172,1,29/07/2024 12:39:10,161157,10,questionnaire-i1ko,,39253198,BLIND,11512481,,complete,,66a77f40bf31cbe242976973,computer,Desktop or Laptop,Windows 10,Chrome 127.0.0.0,2560x1440,2543x1271,,,,Consent from the previous project,2,438ms,,audio,,,,No,Consent1,1
9,1722253150289,29/07/2024 11:39:10,1722253150172,1,29/07/2024 12:39:10,161157,10,questionnaire-i1ko,,39253198,BLIND,11512481,,complete,,66a77f40bf31cbe242976973,computer,Desktop or Laptop,Windows 10,Chrome 127.0.0.0,2560x1440,2543x1271,,,,Consent from the previous project,2,438ms,,audio,,,,No,Consent2,1
10,1722253150289,29/07/2024 11:39:10,1722253150172,1,29/07/2024 12:39:10,161157,10,questionnaire-i1ko,,39253198,BLIND,11512481,,complete,,66a77f40bf31cbe242976973,computer,Desktop or Laptop,Windows 10,Chrome 127.0.0.0,2560x1440,2543x1271,,,,Consent from the previous project,2,438ms,,audio,,,,No,Consent3,1
11,1722253150289,29/07/2024 11:39:10,1722253150173,1,29/07/2024 12:39:10,161157,10,questionnaire-i1ko,,39253198,BLIND,11512481,,complete,,66a77f40bf31cbe242976973,computer,Desktop or Laptop,Windows 10,Chrome 127.0.0.0,2560x1440,2543x1271,,,,Consent from the previous project,2,438ms,,audio,,,,No,Consent4,1
12,1722253150289,29/07/2024 11:39:10,1722253150173,1,29/07/2024 12:39:10,161157,10,questionnaire-i1ko,,39253198,BLIND,11512481,,complete,,66a77f40bf31cbe242976973,computer,Desktop or Laptop,Windows 10,Chrome 127.0.0.0,2560x1440,2543x1271,,,,Consent from the previous project,2,438ms,,audio,,,,No,Consent5,1
13,1722253150289,29/07/2024 11:39:10,1722253150173,1,29/07/2024 12:39:10,161157,10,questionnaire-i1ko,,39253198,BLIND,11512481,,complete,,66a77f40bf31cbe242976973,computer,Desktop or Laptop,Windows 10,Chrome 127.0.0.0,2560x1440,2543x1271,,,,Consent from the previous project,2,438ms,,audio,,,,No,Consent6,1
14,1722253150289,29/07/2024 11:39:10,1722253150173,1,29/07/2024 12:39:10,161157,10,questionnaire-i1ko,,39253198,BLIND,11512481,,complete,,66a77f40bf31cbe242976973,computer,Desktop or Laptop,Windows 10,Chrome 127.0.0.0,2560x1440,2543x1271,,,,Consent from the previous project,2,438ms,,audio,,,,No,Consent7,1
15,1722253150289,29/07/2024 11:39:10,1722253150173,1,29/07/2024 12:39:10,161157,10,questionnaire-i1ko,,39253198,BLIND,11512481,,complete,,66a77f40bf31cbe242976973,computer,Desktop or Laptop,Windows 10,Chrome 127.0.0.0,2560x1440,2543x1271,,,,Consent from the previous project,2,438ms,,audio,,,,No,END QUESTIONNAIRE,14985
1,1722253137062,29/07/2024 11:38:57,1722253137543,1,29/07/2024 12:38:57,161157,10,questionnaire-i1ko,,39253200,BLIND,11512483,,complete,,66a77f3fa6fc7c9a5eda1248,computer,Desktop or Laptop,Windows 10,Chrome 127.0.0.0,1920x1080,952x686,,,,Consent from the previous project,2,752ms,,,,audio,,No,BEGIN QUESTIONNAIRE,
2,1722253170573,29/07/2024 11:39:30,1722253170835,1,29/07/2024 12:39:30,161157,10,questionnaire-i1ko,,39253200,BLIND,11512483,,complete,,66a77f3fa6fc7c9a5eda1248,computer,Desktop or Laptop,Windows 10,Chrome 127.0.0.0,1920x1080,935x686,,,,Consent from the previous project,2,752ms,,,,audio,,No,birth.date-day,6
3,1722253170679,29/07/2024 11:39:30,1722253170837,1,29/07/2024 12:39:30,161157,10,questionnaire-i1ko,,39253200,BLIND,11512483,,complete,,66a77f3fa6fc7c9a5eda1248,computer,Desktop or Laptop,Windows 10,Chrome 127.0.0.0,1920x1080,935x686,,,,Consent from the previous project,2,752ms,,,,audio,,No,birth.date-month,6
4,1722253170679,29/07/2024 11:39:30,1722253170837,1,29/07/2024 12:39:30,161157,10,questionnaire-i1ko,,39253200,BLIND,11512483,,complete,,66a77f3fa6fc7c9a5eda1248,computer,Desktop or Laptop,Windows 10,Chrome 127.0.0.0,1920x1080,935x686,,,,Consent from the previous project,2,752ms,,,,audio,,No,birth.date-year,40
5,1722253170679,29/07/2024 11:39:30,1722253170838,1,29/07/2024 12:39:30,161157,10,questionnaire-i1ko,,39253200,BLIND,11512483,,complete,,66a77f3fa6fc7c9a5eda1248,computer,Desktop or Laptop,Windows 10,Chrome 127.0.0.0,1920x1080,935x686,,,,Consent from the previous project,2,752ms,,,,audio,,No,sex,Female
6,1722253170679,29/07/2024 11:39:30,1722253170838,1,29/07/2024 12:39:30,161157,10,questionnaire-i1ko,,39253200,BLIND,11512483,,complete,,66a77f3fa6fc7c9a5eda1248,computer,Desktop or Laptop,Windows 10,Chrome 127.0.0.0,1920x1080,935x686,,,,Consent from the previous project,2,752ms,,,,audio,,No,sex-quantised,2
7,1722253170679,29/07/2024 11:39:30,1722253170838,1,29/07/2024 12:39:30,161157,10,questionnaire-i1ko,,39253200,BLIND,11512483,,complete,,66a77f3fa6fc7c9a5eda1248,computer,Desktop or Laptop,Windows 10,Chrome 127.0.0.0,1920x1080,935x686,,,,Consent from the previous project,2,752ms,,,,audio,,No,sex-text,
8,1722253170679,29/07/2024 11:39:30,1722253170839,1,29/07/2024 12:39:30,161157,10,questionnaire-i1ko,,39253200,BLIND,11512483,,complete,,66a77f3fa6fc7c9a5eda1248,computer,Desktop or Laptop,Windows 10,Chrome 127.0.0.0,1920x1080,935x686,,,,Consent from the previous project,2,752ms,,,,audio,,No,Consent1,1
9,1722253170679,29/07/2024 11:39:30,1722253170839,1,29/07/2024 12:39:30,161157,10,questionnaire-i1ko,,39253200,BLIND,11512483,,complete,,66a77f3fa6fc7c9a5eda1248,computer,Desktop or Laptop,Windows 10,Chrome 127.0.0.0,1920x1080,935x686,,,,Consent from the previous project,2,752ms,,,,audio,,No,Consent2,1
10,1722253170679,29/07/2024 11:39:30,1722253170840,1,29/07/2024 12:39:30,161157,10,questionnaire-i1ko,,39253200,BLIND,11512483,,complete,,66a77f3fa6fc7c9a5eda1248,computer,Desktop or Laptop,Windows 10,Chrome 127.0.0.0,1920x1080,935x686,,,,Consent from the previous project,2,752ms,,,,audio,,No,Consent3,1
11,1722253170679,29/07/2024 11:39:30,1722253170840,1,29/07/2024 12:39:30,161157,10,questionnaire-i1ko,,39253200,BLIND,11512483,,complete,,66a77f3fa6fc7c9a5eda1248,computer,Desktop or Laptop,Windows 10,Chrome 127.0.0.0,1920x1080,935x686,,,,Consent from the previous project,2,752ms,,,,audio,,No,Consent4,1
12,1722253170679,29/07/2024 11:39:30,1722253170840,1,29/07/2024 12:39:30,161157,10,questionnaire-i1ko,,39253200,BLIND,11512483,,complete,,66a77f3fa6fc7c9a5eda1248,computer,Desktop or Laptop,Windows 10,Chrome 127.0.0.0,1920x1080,935x686,,,,Consent from the previous project,2,752ms,,,,audio,,No,Consent5,1
13,1722253170679,29/07/2024 11:39:30,1722253170841,1,29/07/2024 12:39:30,161157,10,questionnaire-i1ko,,39253200,BLIND,11512483,,complete,,66a77f3fa6fc7c9a5eda1248,computer,Desktop or Laptop,Windows 10,Chrome 127.0.0.0,1920x1080,935x686,,,,Consent from the previous project,2,752ms,,,,audio,,No,Consent6,1
14,1722253170679,29/07/2024 11:39:30,1722253170841,1,29/07/2024 12:39:30,161157,10,questionnaire-i1ko,,39253200,BLIND,11512483,,complete,,66a77f3fa6fc7c9a5eda1248,computer,Desktop or Laptop,Windows 10,Chrome 127.0.0.0,1920x1080,935x686,,,,Consent from the previous project,2,752ms,,,,audio,,No,Consent7,1
15,1722253170679,29/07/2024 11:39:30,1722253170841,1,29/07/2024 12:39:30,161157,10,questionnaire-i1ko,,39253200,BLIND,11512483,,complete,,66a77f3fa6fc7c9a5eda1248,computer,Desktop or Laptop,Windows 10,Chrome 127.0.0.0,1920x1080,935x686,,,,Consent from the previous project,2,752ms,,,,audio,,No,END QUESTIONNAIRE,33299
END OF FILE
